"Vervoerwijzen";"Populatie";"Marges";"Perioden";"Regio's";"Vervoersprestatie (mld reizigerskilometers)"
"Totaal";"Populatie: 6 jaar of ouder";"Waarde";"2018";"Nederland";"   218.1"
"Totaal";"Populatie: 6 jaar of ouder";"Waarde";"2019";"Nederland";"   218.8"
"Totaal";"Populatie: 6 jaar of ouder";"Waarde";"2020";"Nederland";"   152.0"
"Totaal";"Populatie: 6 jaar of ouder";"Waarde";"2021";"Nederland";"   168.4"
"Totaal";"Populatie: 6 jaar of ouder";"Waarde";"2022";"Nederland";"   186.9"
"Totaal";"Populatie: 6 jaar of ouder";"Waarde";"2023";"Nederland";"   199.3"
"Totaal";"Populatie: 6 jaar of ouder";"Waarde";"2024*";"Nederland";"   203.5"
"Totaal";"Populatie: 6 jaar of ouder";"Waarde";"2018";"Noord-Nederland (LD)";"    25.0"
"Totaal";"Populatie: 6 jaar of ouder";"Waarde";"2019";"Noord-Nederland (LD)";"    25.1"
"Totaal";"Populatie: 6 jaar of ouder";"Waarde";"2020";"Noord-Nederland (LD)";"    17.1"
"Totaal";"Populatie: 6 jaar of ouder";"Waarde";"2021";"Noord-Nederland (LD)";"    19.4"
"Totaal";"Populatie: 6 jaar of ouder";"Waarde";"2022";"Noord-Nederland (LD)";"    21.6"
"Totaal";"Populatie: 6 jaar of ouder";"Waarde";"2023";"Noord-Nederland (LD)";"    22.0"
"Totaal";"Populatie: 6 jaar of ouder";"Waarde";"2024*";"Noord-Nederland (LD)";"    23.2"
"Totaal";"Populatie: 6 jaar of ouder";"Waarde";"2018";"Oost-Nederland (LD)";"    49.3"
"Totaal";"Populatie: 6 jaar of ouder";"Waarde";"2019";"Oost-Nederland (LD)";"    49.8"
"Totaal";"Populatie: 6 jaar of ouder";"Waarde";"2020";"Oost-Nederland (LD)";"    35.1"
"Totaal";"Populatie: 6 jaar of ouder";"Waarde";"2021";"Oost-Nederland (LD)";"    38.7"
"Totaal";"Populatie: 6 jaar of ouder";"Waarde";"2022";"Oost-Nederland (LD)";"    43.1"
"Totaal";"Populatie: 6 jaar of ouder";"Waarde";"2023";"Oost-Nederland (LD)";"    45.6"
"Totaal";"Populatie: 6 jaar of ouder";"Waarde";"2024*";"Oost-Nederland (LD)";"    47.2"
"Totaal";"Populatie: 6 jaar of ouder";"Waarde";"2018";"West-Nederland (LD)";"    98.7"
"Totaal";"Populatie: 6 jaar of ouder";"Waarde";"2019";"West-Nederland (LD)";"    99.6"
"Totaal";"Populatie: 6 jaar of ouder";"Waarde";"2020";"West-Nederland (LD)";"    68.4"
"Totaal";"Populatie: 6 jaar of ouder";"Waarde";"2021";"West-Nederland (LD)";"    76.1"
"Totaal";"Populatie: 6 jaar of ouder";"Waarde";"2022";"West-Nederland (LD)";"    82.8"
"Totaal";"Populatie: 6 jaar of ouder";"Waarde";"2023";"West-Nederland (LD)";"    89.4"
"Totaal";"Populatie: 6 jaar of ouder";"Waarde";"2024*";"West-Nederland (LD)";"    90.3"
"Totaal";"Populatie: 6 jaar of ouder";"Waarde";"2018";"Zuid-Nederland (LD)";"    45.1"
"Totaal";"Populatie: 6 jaar of ouder";"Waarde";"2019";"Zuid-Nederland (LD)";"    44.4"
"Totaal";"Populatie: 6 jaar of ouder";"Waarde";"2020";"Zuid-Nederland (LD)";"    31.6"
"Totaal";"Populatie: 6 jaar of ouder";"Waarde";"2021";"Zuid-Nederland (LD)";"    34.1"
"Totaal";"Populatie: 6 jaar of ouder";"Waarde";"2022";"Zuid-Nederland (LD)";"    39.4"
"Totaal";"Populatie: 6 jaar of ouder";"Waarde";"2023";"Zuid-Nederland (LD)";"    42.3"
"Totaal";"Populatie: 6 jaar of ouder";"Waarde";"2024*";"Zuid-Nederland (LD)";"    42.7"
"Totaal";"Populatie: 6 jaar of ouder";"Waarde";"2018";"Groningen (PV)";"     7.8"
"Totaal";"Populatie: 6 jaar of ouder";"Waarde";"2019";"Groningen (PV)";"     8.1"
"Totaal";"Populatie: 6 jaar of ouder";"Waarde";"2020";"Groningen (PV)";"     5.5"
"Totaal";"Populatie: 6 jaar of ouder";"Waarde";"2021";"Groningen (PV)";"     6.3"
"Totaal";"Populatie: 6 jaar of ouder";"Waarde";"2022";"Groningen (PV)";"     7.0"
"Totaal";"Populatie: 6 jaar of ouder";"Waarde";"2023";"Groningen (PV)";"     6.7"
"Totaal";"Populatie: 6 jaar of ouder";"Waarde";"2024*";"Groningen (PV)";"     7.1"
"Totaal";"Populatie: 6 jaar of ouder";"Waarde";"2018";"Friesland (PV)";"     9.6"
"Totaal";"Populatie: 6 jaar of ouder";"Waarde";"2019";"Friesland (PV)";"    10.0"
"Totaal";"Populatie: 6 jaar of ouder";"Waarde";"2020";"Friesland (PV)";"     6.8"
"Totaal";"Populatie: 6 jaar of ouder";"Waarde";"2021";"Friesland (PV)";"     7.5"
"Totaal";"Populatie: 6 jaar of ouder";"Waarde";"2022";"Friesland (PV)";"     8.5"
"Totaal";"Populatie: 6 jaar of ouder";"Waarde";"2023";"Friesland (PV)";"     8.5"
"Totaal";"Populatie: 6 jaar of ouder";"Waarde";"2024*";"Friesland (PV)";"     9.0"
"Totaal";"Populatie: 6 jaar of ouder";"Waarde";"2018";"Drenthe (PV)";"     7.5"
"Totaal";"Populatie: 6 jaar of ouder";"Waarde";"2019";"Drenthe (PV)";"     7.0"
"Totaal";"Populatie: 6 jaar of ouder";"Waarde";"2020";"Drenthe (PV)";"     4.9"
"Totaal";"Populatie: 6 jaar of ouder";"Waarde";"2021";"Drenthe (PV)";"     5.6"
"Totaal";"Populatie: 6 jaar of ouder";"Waarde";"2022";"Drenthe (PV)";"     6.1"
"Totaal";"Populatie: 6 jaar of ouder";"Waarde";"2023";"Drenthe (PV)";"     6.8"
"Totaal";"Populatie: 6 jaar of ouder";"Waarde";"2024*";"Drenthe (PV)";"     7.2"
"Totaal";"Populatie: 6 jaar of ouder";"Waarde";"2018";"Overijssel (PV)";"    15.5"
"Totaal";"Populatie: 6 jaar of ouder";"Waarde";"2019";"Overijssel (PV)";"    15.7"
"Totaal";"Populatie: 6 jaar of ouder";"Waarde";"2020";"Overijssel (PV)";"    10.5"
"Totaal";"Populatie: 6 jaar of ouder";"Waarde";"2021";"Overijssel (PV)";"    11.7"
"Totaal";"Populatie: 6 jaar of ouder";"Waarde";"2022";"Overijssel (PV)";"    13.3"
"Totaal";"Populatie: 6 jaar of ouder";"Waarde";"2023";"Overijssel (PV)";"    14.1"
"Totaal";"Populatie: 6 jaar of ouder";"Waarde";"2024*";"Overijssel (PV)";"    14.6"
"Totaal";"Populatie: 6 jaar of ouder";"Waarde";"2018";"Flevoland (PV)";"     6.1"
"Totaal";"Populatie: 6 jaar of ouder";"Waarde";"2019";"Flevoland (PV)";"     6.1"
"Totaal";"Populatie: 6 jaar of ouder";"Waarde";"2020";"Flevoland (PV)";"     4.4"
"Totaal";"Populatie: 6 jaar of ouder";"Waarde";"2021";"Flevoland (PV)";"     4.9"
"Totaal";"Populatie: 6 jaar of ouder";"Waarde";"2022";"Flevoland (PV)";"     5.4"
"Totaal";"Populatie: 6 jaar of ouder";"Waarde";"2023";"Flevoland (PV)";"     5.6"
"Totaal";"Populatie: 6 jaar of ouder";"Waarde";"2024*";"Flevoland (PV)";"     6.1"
"Totaal";"Populatie: 6 jaar of ouder";"Waarde";"2018";"Gelderland (PV)";"    27.8"
"Totaal";"Populatie: 6 jaar of ouder";"Waarde";"2019";"Gelderland (PV)";"    28.0"
"Totaal";"Populatie: 6 jaar of ouder";"Waarde";"2020";"Gelderland (PV)";"    20.1"
"Totaal";"Populatie: 6 jaar of ouder";"Waarde";"2021";"Gelderland (PV)";"    22.1"
"Totaal";"Populatie: 6 jaar of ouder";"Waarde";"2022";"Gelderland (PV)";"    24.4"
"Totaal";"Populatie: 6 jaar of ouder";"Waarde";"2023";"Gelderland (PV)";"    26.0"
"Totaal";"Populatie: 6 jaar of ouder";"Waarde";"2024*";"Gelderland (PV)";"    26.5"
"Totaal";"Populatie: 6 jaar of ouder";"Waarde";"2018";"Utrecht (PV)";"    16.8"
"Totaal";"Populatie: 6 jaar of ouder";"Waarde";"2019";"Utrecht (PV)";"    18.8"
"Totaal";"Populatie: 6 jaar of ouder";"Waarde";"2020";"Utrecht (PV)";"    12.6"
"Totaal";"Populatie: 6 jaar of ouder";"Waarde";"2021";"Utrecht (PV)";"    13.6"
"Totaal";"Populatie: 6 jaar of ouder";"Waarde";"2022";"Utrecht (PV)";"    15.2"
"Totaal";"Populatie: 6 jaar of ouder";"Waarde";"2023";"Utrecht (PV)";"    16.6"
"Totaal";"Populatie: 6 jaar of ouder";"Waarde";"2024*";"Utrecht (PV)";"    16.6"
"Totaal";"Populatie: 6 jaar of ouder";"Waarde";"2018";"Noord-Holland (PV)";"    35.3"
"Totaal";"Populatie: 6 jaar of ouder";"Waarde";"2019";"Noord-Holland (PV)";"    33.1"
"Totaal";"Populatie: 6 jaar of ouder";"Waarde";"2020";"Noord-Holland (PV)";"    22.6"
"Totaal";"Populatie: 6 jaar of ouder";"Waarde";"2021";"Noord-Holland (PV)";"    25.4"
"Totaal";"Populatie: 6 jaar of ouder";"Waarde";"2022";"Noord-Holland (PV)";"    28.3"
"Totaal";"Populatie: 6 jaar of ouder";"Waarde";"2023";"Noord-Holland (PV)";"    29.7"
"Totaal";"Populatie: 6 jaar of ouder";"Waarde";"2024*";"Noord-Holland (PV)";"    30.0"
"Totaal";"Populatie: 6 jaar of ouder";"Waarde";"2018";"Zuid-Holland (PV)";"    42.2"
"Totaal";"Populatie: 6 jaar of ouder";"Waarde";"2019";"Zuid-Holland (PV)";"    42.7"
"Totaal";"Populatie: 6 jaar of ouder";"Waarde";"2020";"Zuid-Holland (PV)";"    29.3"
"Totaal";"Populatie: 6 jaar of ouder";"Waarde";"2021";"Zuid-Holland (PV)";"    32.8"
"Totaal";"Populatie: 6 jaar of ouder";"Waarde";"2022";"Zuid-Holland (PV)";"    35.0"
"Totaal";"Populatie: 6 jaar of ouder";"Waarde";"2023";"Zuid-Holland (PV)";"    38.5"
"Totaal";"Populatie: 6 jaar of ouder";"Waarde";"2024*";"Zuid-Holland (PV)";"    38.8"
"Totaal";"Populatie: 6 jaar of ouder";"Waarde";"2018";"Zeeland (PV)";"     4.4"
"Totaal";"Populatie: 6 jaar of ouder";"Waarde";"2019";"Zeeland (PV)";"     5.0"
"Totaal";"Populatie: 6 jaar of ouder";"Waarde";"2020";"Zeeland (PV)";"     3.8"
"Totaal";"Populatie: 6 jaar of ouder";"Waarde";"2021";"Zeeland (PV)";"     4.4"
"Totaal";"Populatie: 6 jaar of ouder";"Waarde";"2022";"Zeeland (PV)";"     4.4"
"Totaal";"Populatie: 6 jaar of ouder";"Waarde";"2023";"Zeeland (PV)";"     4.6"
"Totaal";"Populatie: 6 jaar of ouder";"Waarde";"2024*";"Zeeland (PV)";"     4.9"
"Totaal";"Populatie: 6 jaar of ouder";"Waarde";"2018";"Noord-Brabant (PV)";"    32.2"
"Totaal";"Populatie: 6 jaar of ouder";"Waarde";"2019";"Noord-Brabant (PV)";"    32.0"
"Totaal";"Populatie: 6 jaar of ouder";"Waarde";"2020";"Noord-Brabant (PV)";"    22.2"
"Totaal";"Populatie: 6 jaar of ouder";"Waarde";"2021";"Noord-Brabant (PV)";"    24.2"
"Totaal";"Populatie: 6 jaar of ouder";"Waarde";"2022";"Noord-Brabant (PV)";"    28.2"
"Totaal";"Populatie: 6 jaar of ouder";"Waarde";"2023";"Noord-Brabant (PV)";"    30.9"
"Totaal";"Populatie: 6 jaar of ouder";"Waarde";"2024*";"Noord-Brabant (PV)";"    30.3"
"Totaal";"Populatie: 6 jaar of ouder";"Waarde";"2018";"Limburg (PV)";"    12.9"
"Totaal";"Populatie: 6 jaar of ouder";"Waarde";"2019";"Limburg (PV)";"    12.4"
"Totaal";"Populatie: 6 jaar of ouder";"Waarde";"2020";"Limburg (PV)";"     9.4"
"Totaal";"Populatie: 6 jaar of ouder";"Waarde";"2021";"Limburg (PV)";"     9.9"
"Totaal";"Populatie: 6 jaar of ouder";"Waarde";"2022";"Limburg (PV)";"    11.2"
"Totaal";"Populatie: 6 jaar of ouder";"Waarde";"2023";"Limburg (PV)";"    11.3"
"Totaal";"Populatie: 6 jaar of ouder";"Waarde";"2024*";"Limburg (PV)";"    12.5"
"Totaal";"Populatie: 6 jaar of ouder";"Waarde";"2018";"Zeer sterk stedelijk";"    46.8"
"Totaal";"Populatie: 6 jaar of ouder";"Waarde";"2019";"Zeer sterk stedelijk";"    46.2"
"Totaal";"Populatie: 6 jaar of ouder";"Waarde";"2020";"Zeer sterk stedelijk";"    31.4"
"Totaal";"Populatie: 6 jaar of ouder";"Waarde";"2021";"Zeer sterk stedelijk";"    36.3"
"Totaal";"Populatie: 6 jaar of ouder";"Waarde";"2022";"Zeer sterk stedelijk";"    40.9"
"Totaal";"Populatie: 6 jaar of ouder";"Waarde";"2023";"Zeer sterk stedelijk";"    43.9"
"Totaal";"Populatie: 6 jaar of ouder";"Waarde";"2024*";"Zeer sterk stedelijk";"    44.7"
"Totaal";"Populatie: 6 jaar of ouder";"Waarde";"2018";"Sterk stedelijk";"    66.1"
"Totaal";"Populatie: 6 jaar of ouder";"Waarde";"2019";"Sterk stedelijk";"    66.6"
"Totaal";"Populatie: 6 jaar of ouder";"Waarde";"2020";"Sterk stedelijk";"    46.1"
"Totaal";"Populatie: 6 jaar of ouder";"Waarde";"2021";"Sterk stedelijk";"    50.8"
"Totaal";"Populatie: 6 jaar of ouder";"Waarde";"2022";"Sterk stedelijk";"    56.3"
"Totaal";"Populatie: 6 jaar of ouder";"Waarde";"2023";"Sterk stedelijk";"    59.8"
"Totaal";"Populatie: 6 jaar of ouder";"Waarde";"2024*";"Sterk stedelijk";"    60.6"
"Totaal";"Populatie: 6 jaar of ouder";"Waarde";"2018";"Matig stedelijk";"    34.7"
"Totaal";"Populatie: 6 jaar of ouder";"Waarde";"2019";"Matig stedelijk";"    35.6"
"Totaal";"Populatie: 6 jaar of ouder";"Waarde";"2020";"Matig stedelijk";"    24.6"
"Totaal";"Populatie: 6 jaar of ouder";"Waarde";"2021";"Matig stedelijk";"    25.6"
"Totaal";"Populatie: 6 jaar of ouder";"Waarde";"2022";"Matig stedelijk";"    30.9"
"Totaal";"Populatie: 6 jaar of ouder";"Waarde";"2023";"Matig stedelijk";"    33.7"
"Totaal";"Populatie: 6 jaar of ouder";"Waarde";"2024*";"Matig stedelijk";"    34.2"
"Totaal";"Populatie: 6 jaar of ouder";"Waarde";"2018";"Weinig stedelijk";"    51.9"
"Totaal";"Populatie: 6 jaar of ouder";"Waarde";"2019";"Weinig stedelijk";"    50.6"
"Totaal";"Populatie: 6 jaar of ouder";"Waarde";"2020";"Weinig stedelijk";"    35.7"
"Totaal";"Populatie: 6 jaar of ouder";"Waarde";"2021";"Weinig stedelijk";"    40.7"
"Totaal";"Populatie: 6 jaar of ouder";"Waarde";"2022";"Weinig stedelijk";"    44.3"
"Totaal";"Populatie: 6 jaar of ouder";"Waarde";"2023";"Weinig stedelijk";"    45.6"
"Totaal";"Populatie: 6 jaar of ouder";"Waarde";"2024*";"Weinig stedelijk";"    46.9"
"Totaal";"Populatie: 6 jaar of ouder";"Waarde";"2018";"Niet stedelijk";"    18.7"
"Totaal";"Populatie: 6 jaar of ouder";"Waarde";"2019";"Niet stedelijk";"    20.0"
"Totaal";"Populatie: 6 jaar of ouder";"Waarde";"2020";"Niet stedelijk";"    14.2"
"Totaal";"Populatie: 6 jaar of ouder";"Waarde";"2021";"Niet stedelijk";"    14.9"
"Totaal";"Populatie: 6 jaar of ouder";"Waarde";"2022";"Niet stedelijk";"    14.6"
"Totaal";"Populatie: 6 jaar of ouder";"Waarde";"2023";"Niet stedelijk";"    16.2"
"Totaal";"Populatie: 6 jaar of ouder";"Waarde";"2024*";"Niet stedelijk";"    17.1"
"Personenauto (bestuurder)";"Populatie: 6 jaar of ouder";"Waarde";"2018";"Nederland";"   108.8"
"Personenauto (bestuurder)";"Populatie: 6 jaar of ouder";"Waarde";"2019";"Nederland";"   108.5"
"Personenauto (bestuurder)";"Populatie: 6 jaar of ouder";"Waarde";"2020";"Nederland";"    79.4"
"Personenauto (bestuurder)";"Populatie: 6 jaar of ouder";"Waarde";"2021";"Nederland";"    85.6"
"Personenauto (bestuurder)";"Populatie: 6 jaar of ouder";"Waarde";"2022";"Nederland";"    92.9"
"Personenauto (bestuurder)";"Populatie: 6 jaar of ouder";"Waarde";"2023";"Nederland";"    99.6"
"Personenauto (bestuurder)";"Populatie: 6 jaar of ouder";"Waarde";"2024*";"Nederland";"   101.7"
"Personenauto (bestuurder)";"Populatie: 6 jaar of ouder";"Waarde";"2018";"Noord-Nederland (LD)";"    12.5"
"Personenauto (bestuurder)";"Populatie: 6 jaar of ouder";"Waarde";"2019";"Noord-Nederland (LD)";"    12.5"
"Personenauto (bestuurder)";"Populatie: 6 jaar of ouder";"Waarde";"2020";"Noord-Nederland (LD)";"     9.2"
"Personenauto (bestuurder)";"Populatie: 6 jaar of ouder";"Waarde";"2021";"Noord-Nederland (LD)";"     9.8"
"Personenauto (bestuurder)";"Populatie: 6 jaar of ouder";"Waarde";"2022";"Noord-Nederland (LD)";"    11.0"
"Personenauto (bestuurder)";"Populatie: 6 jaar of ouder";"Waarde";"2023";"Noord-Nederland (LD)";"    11.5"
"Personenauto (bestuurder)";"Populatie: 6 jaar of ouder";"Waarde";"2024*";"Noord-Nederland (LD)";"    12.2"
"Personenauto (bestuurder)";"Populatie: 6 jaar of ouder";"Waarde";"2018";"Oost-Nederland (LD)";"    25.9"
"Personenauto (bestuurder)";"Populatie: 6 jaar of ouder";"Waarde";"2019";"Oost-Nederland (LD)";"    25.5"
"Personenauto (bestuurder)";"Populatie: 6 jaar of ouder";"Waarde";"2020";"Oost-Nederland (LD)";"    18.9"
"Personenauto (bestuurder)";"Populatie: 6 jaar of ouder";"Waarde";"2021";"Oost-Nederland (LD)";"    20.2"
"Personenauto (bestuurder)";"Populatie: 6 jaar of ouder";"Waarde";"2022";"Oost-Nederland (LD)";"    21.8"
"Personenauto (bestuurder)";"Populatie: 6 jaar of ouder";"Waarde";"2023";"Oost-Nederland (LD)";"    23.4"
"Personenauto (bestuurder)";"Populatie: 6 jaar of ouder";"Waarde";"2024*";"Oost-Nederland (LD)";"    24.2"
"Personenauto (bestuurder)";"Populatie: 6 jaar of ouder";"Waarde";"2018";"West-Nederland (LD)";"    47.4"
"Personenauto (bestuurder)";"Populatie: 6 jaar of ouder";"Waarde";"2019";"West-Nederland (LD)";"    47.0"
"Personenauto (bestuurder)";"Populatie: 6 jaar of ouder";"Waarde";"2020";"West-Nederland (LD)";"    33.8"
"Personenauto (bestuurder)";"Populatie: 6 jaar of ouder";"Waarde";"2021";"West-Nederland (LD)";"    36.5"
"Personenauto (bestuurder)";"Populatie: 6 jaar of ouder";"Waarde";"2022";"West-Nederland (LD)";"    39.3"
"Personenauto (bestuurder)";"Populatie: 6 jaar of ouder";"Waarde";"2023";"West-Nederland (LD)";"    42.2"
"Personenauto (bestuurder)";"Populatie: 6 jaar of ouder";"Waarde";"2024*";"West-Nederland (LD)";"    42.6"
"Personenauto (bestuurder)";"Populatie: 6 jaar of ouder";"Waarde";"2018";"Zuid-Nederland (LD)";"    23.0"
"Personenauto (bestuurder)";"Populatie: 6 jaar of ouder";"Waarde";"2019";"Zuid-Nederland (LD)";"    23.5"
"Personenauto (bestuurder)";"Populatie: 6 jaar of ouder";"Waarde";"2020";"Zuid-Nederland (LD)";"    17.4"
"Personenauto (bestuurder)";"Populatie: 6 jaar of ouder";"Waarde";"2021";"Zuid-Nederland (LD)";"    19.1"
"Personenauto (bestuurder)";"Populatie: 6 jaar of ouder";"Waarde";"2022";"Zuid-Nederland (LD)";"    20.8"
"Personenauto (bestuurder)";"Populatie: 6 jaar of ouder";"Waarde";"2023";"Zuid-Nederland (LD)";"    22.5"
"Personenauto (bestuurder)";"Populatie: 6 jaar of ouder";"Waarde";"2024*";"Zuid-Nederland (LD)";"    22.8"
"Personenauto (bestuurder)";"Populatie: 6 jaar of ouder";"Waarde";"2018";"Groningen (PV)";"     3.4"
"Personenauto (bestuurder)";"Populatie: 6 jaar of ouder";"Waarde";"2019";"Groningen (PV)";"     3.8"
"Personenauto (bestuurder)";"Populatie: 6 jaar of ouder";"Waarde";"2020";"Groningen (PV)";"     2.8"
"Personenauto (bestuurder)";"Populatie: 6 jaar of ouder";"Waarde";"2021";"Groningen (PV)";"     3.1"
"Personenauto (bestuurder)";"Populatie: 6 jaar of ouder";"Waarde";"2022";"Groningen (PV)";"     3.4"
"Personenauto (bestuurder)";"Populatie: 6 jaar of ouder";"Waarde";"2023";"Groningen (PV)";"     3.0"
"Personenauto (bestuurder)";"Populatie: 6 jaar of ouder";"Waarde";"2024*";"Groningen (PV)";"     3.5"
"Personenauto (bestuurder)";"Populatie: 6 jaar of ouder";"Waarde";"2018";"Friesland (PV)";"     4.9"
"Personenauto (bestuurder)";"Populatie: 6 jaar of ouder";"Waarde";"2019";"Friesland (PV)";"     5.2"
"Personenauto (bestuurder)";"Populatie: 6 jaar of ouder";"Waarde";"2020";"Friesland (PV)";"     4.0"
"Personenauto (bestuurder)";"Populatie: 6 jaar of ouder";"Waarde";"2021";"Friesland (PV)";"     4.0"
"Personenauto (bestuurder)";"Populatie: 6 jaar of ouder";"Waarde";"2022";"Friesland (PV)";"     4.5"
"Personenauto (bestuurder)";"Populatie: 6 jaar of ouder";"Waarde";"2023";"Friesland (PV)";"     4.7"
"Personenauto (bestuurder)";"Populatie: 6 jaar of ouder";"Waarde";"2024*";"Friesland (PV)";"     4.8"
"Personenauto (bestuurder)";"Populatie: 6 jaar of ouder";"Waarde";"2018";"Drenthe (PV)";"     4.2"
"Personenauto (bestuurder)";"Populatie: 6 jaar of ouder";"Waarde";"2019";"Drenthe (PV)";"     3.6"
"Personenauto (bestuurder)";"Populatie: 6 jaar of ouder";"Waarde";"2020";"Drenthe (PV)";"     2.5"
"Personenauto (bestuurder)";"Populatie: 6 jaar of ouder";"Waarde";"2021";"Drenthe (PV)";"     2.7"
"Personenauto (bestuurder)";"Populatie: 6 jaar of ouder";"Waarde";"2022";"Drenthe (PV)";"     3.1"
"Personenauto (bestuurder)";"Populatie: 6 jaar of ouder";"Waarde";"2023";"Drenthe (PV)";"     3.7"
"Personenauto (bestuurder)";"Populatie: 6 jaar of ouder";"Waarde";"2024*";"Drenthe (PV)";"     4.0"
"Personenauto (bestuurder)";"Populatie: 6 jaar of ouder";"Waarde";"2018";"Overijssel (PV)";"     8.0"
"Personenauto (bestuurder)";"Populatie: 6 jaar of ouder";"Waarde";"2019";"Overijssel (PV)";"     7.5"
"Personenauto (bestuurder)";"Populatie: 6 jaar of ouder";"Waarde";"2020";"Overijssel (PV)";"     5.6"
"Personenauto (bestuurder)";"Populatie: 6 jaar of ouder";"Waarde";"2021";"Overijssel (PV)";"     6.3"
"Personenauto (bestuurder)";"Populatie: 6 jaar of ouder";"Waarde";"2022";"Overijssel (PV)";"     6.6"
"Personenauto (bestuurder)";"Populatie: 6 jaar of ouder";"Waarde";"2023";"Overijssel (PV)";"     7.1"
"Personenauto (bestuurder)";"Populatie: 6 jaar of ouder";"Waarde";"2024*";"Overijssel (PV)";"     7.2"
"Personenauto (bestuurder)";"Populatie: 6 jaar of ouder";"Waarde";"2018";"Flevoland (PV)";"     3.2"
"Personenauto (bestuurder)";"Populatie: 6 jaar of ouder";"Waarde";"2019";"Flevoland (PV)";"     3.0"
"Personenauto (bestuurder)";"Populatie: 6 jaar of ouder";"Waarde";"2020";"Flevoland (PV)";"     2.5"
"Personenauto (bestuurder)";"Populatie: 6 jaar of ouder";"Waarde";"2021";"Flevoland (PV)";"     2.5"
"Personenauto (bestuurder)";"Populatie: 6 jaar of ouder";"Waarde";"2022";"Flevoland (PV)";"     2.8"
"Personenauto (bestuurder)";"Populatie: 6 jaar of ouder";"Waarde";"2023";"Flevoland (PV)";"     3.2"
"Personenauto (bestuurder)";"Populatie: 6 jaar of ouder";"Waarde";"2024*";"Flevoland (PV)";"     3.2"
"Personenauto (bestuurder)";"Populatie: 6 jaar of ouder";"Waarde";"2018";"Gelderland (PV)";"    14.6"
"Personenauto (bestuurder)";"Populatie: 6 jaar of ouder";"Waarde";"2019";"Gelderland (PV)";"    15.0"
"Personenauto (bestuurder)";"Populatie: 6 jaar of ouder";"Waarde";"2020";"Gelderland (PV)";"    10.8"
"Personenauto (bestuurder)";"Populatie: 6 jaar of ouder";"Waarde";"2021";"Gelderland (PV)";"    11.3"
"Personenauto (bestuurder)";"Populatie: 6 jaar of ouder";"Waarde";"2022";"Gelderland (PV)";"    12.4"
"Personenauto (bestuurder)";"Populatie: 6 jaar of ouder";"Waarde";"2023";"Gelderland (PV)";"    13.2"
"Personenauto (bestuurder)";"Populatie: 6 jaar of ouder";"Waarde";"2024*";"Gelderland (PV)";"    13.8"
"Personenauto (bestuurder)";"Populatie: 6 jaar of ouder";"Waarde";"2018";"Utrecht (PV)";"     8.3"
"Personenauto (bestuurder)";"Populatie: 6 jaar of ouder";"Waarde";"2019";"Utrecht (PV)";"     9.2"
"Personenauto (bestuurder)";"Populatie: 6 jaar of ouder";"Waarde";"2020";"Utrecht (PV)";"     6.4"
"Personenauto (bestuurder)";"Populatie: 6 jaar of ouder";"Waarde";"2021";"Utrecht (PV)";"     6.6"
"Personenauto (bestuurder)";"Populatie: 6 jaar of ouder";"Waarde";"2022";"Utrecht (PV)";"     7.3"
"Personenauto (bestuurder)";"Populatie: 6 jaar of ouder";"Waarde";"2023";"Utrecht (PV)";"     7.9"
"Personenauto (bestuurder)";"Populatie: 6 jaar of ouder";"Waarde";"2024*";"Utrecht (PV)";"     8.1"
"Personenauto (bestuurder)";"Populatie: 6 jaar of ouder";"Waarde";"2018";"Noord-Holland (PV)";"    16.1"
"Personenauto (bestuurder)";"Populatie: 6 jaar of ouder";"Waarde";"2019";"Noord-Holland (PV)";"    14.9"
"Personenauto (bestuurder)";"Populatie: 6 jaar of ouder";"Waarde";"2020";"Noord-Holland (PV)";"    10.5"
"Personenauto (bestuurder)";"Populatie: 6 jaar of ouder";"Waarde";"2021";"Noord-Holland (PV)";"    12.0"
"Personenauto (bestuurder)";"Populatie: 6 jaar of ouder";"Waarde";"2022";"Noord-Holland (PV)";"    13.0"
"Personenauto (bestuurder)";"Populatie: 6 jaar of ouder";"Waarde";"2023";"Noord-Holland (PV)";"    13.7"
"Personenauto (bestuurder)";"Populatie: 6 jaar of ouder";"Waarde";"2024*";"Noord-Holland (PV)";"    13.0"
"Personenauto (bestuurder)";"Populatie: 6 jaar of ouder";"Waarde";"2018";"Zuid-Holland (PV)";"    20.5"
"Personenauto (bestuurder)";"Populatie: 6 jaar of ouder";"Waarde";"2019";"Zuid-Holland (PV)";"    20.2"
"Personenauto (bestuurder)";"Populatie: 6 jaar of ouder";"Waarde";"2020";"Zuid-Holland (PV)";"    15.1"
"Personenauto (bestuurder)";"Populatie: 6 jaar of ouder";"Waarde";"2021";"Zuid-Holland (PV)";"    15.5"
"Personenauto (bestuurder)";"Populatie: 6 jaar of ouder";"Waarde";"2022";"Zuid-Holland (PV)";"    16.7"
"Personenauto (bestuurder)";"Populatie: 6 jaar of ouder";"Waarde";"2023";"Zuid-Holland (PV)";"    18.0"
"Personenauto (bestuurder)";"Populatie: 6 jaar of ouder";"Waarde";"2024*";"Zuid-Holland (PV)";"    18.8"
"Personenauto (bestuurder)";"Populatie: 6 jaar of ouder";"Waarde";"2018";"Zeeland (PV)";"     2.4"
"Personenauto (bestuurder)";"Populatie: 6 jaar of ouder";"Waarde";"2019";"Zeeland (PV)";"     2.7"
"Personenauto (bestuurder)";"Populatie: 6 jaar of ouder";"Waarde";"2020";"Zeeland (PV)";"     1.8"
"Personenauto (bestuurder)";"Populatie: 6 jaar of ouder";"Waarde";"2021";"Zeeland (PV)";"     2.4"
"Personenauto (bestuurder)";"Populatie: 6 jaar of ouder";"Waarde";"2022";"Zeeland (PV)";"     2.2"
"Personenauto (bestuurder)";"Populatie: 6 jaar of ouder";"Waarde";"2023";"Zeeland (PV)";"     2.7"
"Personenauto (bestuurder)";"Populatie: 6 jaar of ouder";"Waarde";"2024*";"Zeeland (PV)";"     2.7"
"Personenauto (bestuurder)";"Populatie: 6 jaar of ouder";"Waarde";"2018";"Noord-Brabant (PV)";"    16.7"
"Personenauto (bestuurder)";"Populatie: 6 jaar of ouder";"Waarde";"2019";"Noord-Brabant (PV)";"    17.3"
"Personenauto (bestuurder)";"Populatie: 6 jaar of ouder";"Waarde";"2020";"Noord-Brabant (PV)";"    12.2"
"Personenauto (bestuurder)";"Populatie: 6 jaar of ouder";"Waarde";"2021";"Noord-Brabant (PV)";"    13.7"
"Personenauto (bestuurder)";"Populatie: 6 jaar of ouder";"Waarde";"2022";"Noord-Brabant (PV)";"    14.8"
"Personenauto (bestuurder)";"Populatie: 6 jaar of ouder";"Waarde";"2023";"Noord-Brabant (PV)";"    16.5"
"Personenauto (bestuurder)";"Populatie: 6 jaar of ouder";"Waarde";"2024*";"Noord-Brabant (PV)";"    16.0"
"Personenauto (bestuurder)";"Populatie: 6 jaar of ouder";"Waarde";"2018";"Limburg (PV)";"     6.3"
"Personenauto (bestuurder)";"Populatie: 6 jaar of ouder";"Waarde";"2019";"Limburg (PV)";"     6.2"
"Personenauto (bestuurder)";"Populatie: 6 jaar of ouder";"Waarde";"2020";"Limburg (PV)";"     5.2"
"Personenauto (bestuurder)";"Populatie: 6 jaar of ouder";"Waarde";"2021";"Limburg (PV)";"     5.3"
"Personenauto (bestuurder)";"Populatie: 6 jaar of ouder";"Waarde";"2022";"Limburg (PV)";"     5.9"
"Personenauto (bestuurder)";"Populatie: 6 jaar of ouder";"Waarde";"2023";"Limburg (PV)";"     6.0"
"Personenauto (bestuurder)";"Populatie: 6 jaar of ouder";"Waarde";"2024*";"Limburg (PV)";"     6.8"
"Personenauto (bestuurder)";"Populatie: 6 jaar of ouder";"Waarde";"2018";"Zeer sterk stedelijk";"    19.1"
"Personenauto (bestuurder)";"Populatie: 6 jaar of ouder";"Waarde";"2019";"Zeer sterk stedelijk";"    18.5"
"Personenauto (bestuurder)";"Populatie: 6 jaar of ouder";"Waarde";"2020";"Zeer sterk stedelijk";"    13.8"
"Personenauto (bestuurder)";"Populatie: 6 jaar of ouder";"Waarde";"2021";"Zeer sterk stedelijk";"    15.2"
"Personenauto (bestuurder)";"Populatie: 6 jaar of ouder";"Waarde";"2022";"Zeer sterk stedelijk";"    17.1"
"Personenauto (bestuurder)";"Populatie: 6 jaar of ouder";"Waarde";"2023";"Zeer sterk stedelijk";"    17.6"
"Personenauto (bestuurder)";"Populatie: 6 jaar of ouder";"Waarde";"2024*";"Zeer sterk stedelijk";"    17.5"
"Personenauto (bestuurder)";"Populatie: 6 jaar of ouder";"Waarde";"2018";"Sterk stedelijk";"    33.9"
"Personenauto (bestuurder)";"Populatie: 6 jaar of ouder";"Waarde";"2019";"Sterk stedelijk";"    33.0"
"Personenauto (bestuurder)";"Populatie: 6 jaar of ouder";"Waarde";"2020";"Sterk stedelijk";"    24.3"
"Personenauto (bestuurder)";"Populatie: 6 jaar of ouder";"Waarde";"2021";"Sterk stedelijk";"    26.0"
"Personenauto (bestuurder)";"Populatie: 6 jaar of ouder";"Waarde";"2022";"Sterk stedelijk";"    27.7"
"Personenauto (bestuurder)";"Populatie: 6 jaar of ouder";"Waarde";"2023";"Sterk stedelijk";"    29.3"
"Personenauto (bestuurder)";"Populatie: 6 jaar of ouder";"Waarde";"2024*";"Sterk stedelijk";"    30.6"
"Personenauto (bestuurder)";"Populatie: 6 jaar of ouder";"Waarde";"2018";"Matig stedelijk";"    17.8"
"Personenauto (bestuurder)";"Populatie: 6 jaar of ouder";"Waarde";"2019";"Matig stedelijk";"    18.6"
"Personenauto (bestuurder)";"Populatie: 6 jaar of ouder";"Waarde";"2020";"Matig stedelijk";"    13.2"
"Personenauto (bestuurder)";"Populatie: 6 jaar of ouder";"Waarde";"2021";"Matig stedelijk";"    13.7"
"Personenauto (bestuurder)";"Populatie: 6 jaar of ouder";"Waarde";"2022";"Matig stedelijk";"    15.9"
"Personenauto (bestuurder)";"Populatie: 6 jaar of ouder";"Waarde";"2023";"Matig stedelijk";"    17.8"
"Personenauto (bestuurder)";"Populatie: 6 jaar of ouder";"Waarde";"2024*";"Matig stedelijk";"    17.9"
"Personenauto (bestuurder)";"Populatie: 6 jaar of ouder";"Waarde";"2018";"Weinig stedelijk";"    27.7"
"Personenauto (bestuurder)";"Populatie: 6 jaar of ouder";"Waarde";"2019";"Weinig stedelijk";"    27.2"
"Personenauto (bestuurder)";"Populatie: 6 jaar of ouder";"Waarde";"2020";"Weinig stedelijk";"    19.9"
"Personenauto (bestuurder)";"Populatie: 6 jaar of ouder";"Waarde";"2021";"Weinig stedelijk";"    22.0"
"Personenauto (bestuurder)";"Populatie: 6 jaar of ouder";"Waarde";"2022";"Weinig stedelijk";"    24.0"
"Personenauto (bestuurder)";"Populatie: 6 jaar of ouder";"Waarde";"2023";"Weinig stedelijk";"    25.8"
"Personenauto (bestuurder)";"Populatie: 6 jaar of ouder";"Waarde";"2024*";"Weinig stedelijk";"    25.9"
"Personenauto (bestuurder)";"Populatie: 6 jaar of ouder";"Waarde";"2018";"Niet stedelijk";"    10.2"
"Personenauto (bestuurder)";"Populatie: 6 jaar of ouder";"Waarde";"2019";"Niet stedelijk";"    11.2"
"Personenauto (bestuurder)";"Populatie: 6 jaar of ouder";"Waarde";"2020";"Niet stedelijk";"     8.1"
"Personenauto (bestuurder)";"Populatie: 6 jaar of ouder";"Waarde";"2021";"Niet stedelijk";"     8.7"
"Personenauto (bestuurder)";"Populatie: 6 jaar of ouder";"Waarde";"2022";"Niet stedelijk";"     8.2"
"Personenauto (bestuurder)";"Populatie: 6 jaar of ouder";"Waarde";"2023";"Niet stedelijk";"     9.1"
"Personenauto (bestuurder)";"Populatie: 6 jaar of ouder";"Waarde";"2024*";"Niet stedelijk";"     9.9"
"Personenauto  (passagier)";"Populatie: 6 jaar of ouder";"Waarde";"2018";"Nederland";"    38.7"
"Personenauto  (passagier)";"Populatie: 6 jaar of ouder";"Waarde";"2019";"Nederland";"    39.0"
"Personenauto  (passagier)";"Populatie: 6 jaar of ouder";"Waarde";"2020";"Nederland";"    25.8"
"Personenauto  (passagier)";"Populatie: 6 jaar of ouder";"Waarde";"2021";"Nederland";"    30.2"
"Personenauto  (passagier)";"Populatie: 6 jaar of ouder";"Waarde";"2022";"Nederland";"    32.7"
"Personenauto  (passagier)";"Populatie: 6 jaar of ouder";"Waarde";"2023";"Nederland";"    36.5"
"Personenauto  (passagier)";"Populatie: 6 jaar of ouder";"Waarde";"2024*";"Nederland";"    36.3"
"Personenauto  (passagier)";"Populatie: 6 jaar of ouder";"Waarde";"2018";"Noord-Nederland (LD)";"     4.8"
"Personenauto  (passagier)";"Populatie: 6 jaar of ouder";"Waarde";"2019";"Noord-Nederland (LD)";"     5.3"
"Personenauto  (passagier)";"Populatie: 6 jaar of ouder";"Waarde";"2020";"Noord-Nederland (LD)";"     3.0"
"Personenauto  (passagier)";"Populatie: 6 jaar of ouder";"Waarde";"2021";"Noord-Nederland (LD)";"     3.7"
"Personenauto  (passagier)";"Populatie: 6 jaar of ouder";"Waarde";"2022";"Noord-Nederland (LD)";"     3.8"
"Personenauto  (passagier)";"Populatie: 6 jaar of ouder";"Waarde";"2023";"Noord-Nederland (LD)";"     3.9"
"Personenauto  (passagier)";"Populatie: 6 jaar of ouder";"Waarde";"2024*";"Noord-Nederland (LD)";"     4.7"
"Personenauto  (passagier)";"Populatie: 6 jaar of ouder";"Waarde";"2018";"Oost-Nederland (LD)";"     8.8"
"Personenauto  (passagier)";"Populatie: 6 jaar of ouder";"Waarde";"2019";"Oost-Nederland (LD)";"     8.4"
"Personenauto  (passagier)";"Populatie: 6 jaar of ouder";"Waarde";"2020";"Oost-Nederland (LD)";"     5.7"
"Personenauto  (passagier)";"Populatie: 6 jaar of ouder";"Waarde";"2021";"Oost-Nederland (LD)";"     6.9"
"Personenauto  (passagier)";"Populatie: 6 jaar of ouder";"Waarde";"2022";"Oost-Nederland (LD)";"     7.7"
"Personenauto  (passagier)";"Populatie: 6 jaar of ouder";"Waarde";"2023";"Oost-Nederland (LD)";"     8.8"
"Personenauto  (passagier)";"Populatie: 6 jaar of ouder";"Waarde";"2024*";"Oost-Nederland (LD)";"     8.6"
"Personenauto  (passagier)";"Populatie: 6 jaar of ouder";"Waarde";"2018";"West-Nederland (LD)";"    17.0"
"Personenauto  (passagier)";"Populatie: 6 jaar of ouder";"Waarde";"2019";"West-Nederland (LD)";"    17.3"
"Personenauto  (passagier)";"Populatie: 6 jaar of ouder";"Waarde";"2020";"West-Nederland (LD)";"    11.8"
"Personenauto  (passagier)";"Populatie: 6 jaar of ouder";"Waarde";"2021";"West-Nederland (LD)";"    14.1"
"Personenauto  (passagier)";"Populatie: 6 jaar of ouder";"Waarde";"2022";"West-Nederland (LD)";"    14.6"
"Personenauto  (passagier)";"Populatie: 6 jaar of ouder";"Waarde";"2023";"West-Nederland (LD)";"    16.1"
"Personenauto  (passagier)";"Populatie: 6 jaar of ouder";"Waarde";"2024*";"West-Nederland (LD)";"    15.4"
"Personenauto  (passagier)";"Populatie: 6 jaar of ouder";"Waarde";"2018";"Zuid-Nederland (LD)";"     8.1"
"Personenauto  (passagier)";"Populatie: 6 jaar of ouder";"Waarde";"2019";"Zuid-Nederland (LD)";"     8.0"
"Personenauto  (passagier)";"Populatie: 6 jaar of ouder";"Waarde";"2020";"Zuid-Nederland (LD)";"     5.3"
"Personenauto  (passagier)";"Populatie: 6 jaar of ouder";"Waarde";"2021";"Zuid-Nederland (LD)";"     5.4"
"Personenauto  (passagier)";"Populatie: 6 jaar of ouder";"Waarde";"2022";"Zuid-Nederland (LD)";"     6.7"
"Personenauto  (passagier)";"Populatie: 6 jaar of ouder";"Waarde";"2023";"Zuid-Nederland (LD)";"     7.8"
"Personenauto  (passagier)";"Populatie: 6 jaar of ouder";"Waarde";"2024*";"Zuid-Nederland (LD)";"     7.6"
"Personenauto  (passagier)";"Populatie: 6 jaar of ouder";"Waarde";"2018";"Groningen (PV)";"     1.6"
"Personenauto  (passagier)";"Populatie: 6 jaar of ouder";"Waarde";"2019";"Groningen (PV)";"     1.6"
"Personenauto  (passagier)";"Populatie: 6 jaar of ouder";"Waarde";"2020";"Groningen (PV)";"     0.9"
"Personenauto  (passagier)";"Populatie: 6 jaar of ouder";"Waarde";"2021";"Groningen (PV)";"     1.2"
"Personenauto  (passagier)";"Populatie: 6 jaar of ouder";"Waarde";"2022";"Groningen (PV)";"     1.3"
"Personenauto  (passagier)";"Populatie: 6 jaar of ouder";"Waarde";"2023";"Groningen (PV)";"     1.2"
"Personenauto  (passagier)";"Populatie: 6 jaar of ouder";"Waarde";"2024*";"Groningen (PV)";"     1.4"
"Personenauto  (passagier)";"Populatie: 6 jaar of ouder";"Waarde";"2018";"Friesland (PV)";"     1.9"
"Personenauto  (passagier)";"Populatie: 6 jaar of ouder";"Waarde";"2019";"Friesland (PV)";"     2.3"
"Personenauto  (passagier)";"Populatie: 6 jaar of ouder";"Waarde";"2020";"Friesland (PV)";"     1.0"
"Personenauto  (passagier)";"Populatie: 6 jaar of ouder";"Waarde";"2021";"Friesland (PV)";"     1.5"
"Personenauto  (passagier)";"Populatie: 6 jaar of ouder";"Waarde";"2022";"Friesland (PV)";"     1.5"
"Personenauto  (passagier)";"Populatie: 6 jaar of ouder";"Waarde";"2023";"Friesland (PV)";"     1.5"
"Personenauto  (passagier)";"Populatie: 6 jaar of ouder";"Waarde";"2024*";"Friesland (PV)";"     1.9"
"Personenauto  (passagier)";"Populatie: 6 jaar of ouder";"Waarde";"2018";"Drenthe (PV)";"     1.4"
"Personenauto  (passagier)";"Populatie: 6 jaar of ouder";"Waarde";"2019";"Drenthe (PV)";"     1.4"
"Personenauto  (passagier)";"Populatie: 6 jaar of ouder";"Waarde";"2020";"Drenthe (PV)";"     1.0"
"Personenauto  (passagier)";"Populatie: 6 jaar of ouder";"Waarde";"2021";"Drenthe (PV)";"     1.1"
"Personenauto  (passagier)";"Populatie: 6 jaar of ouder";"Waarde";"2022";"Drenthe (PV)";"     1.0"
"Personenauto  (passagier)";"Populatie: 6 jaar of ouder";"Waarde";"2023";"Drenthe (PV)";"     1.2"
"Personenauto  (passagier)";"Populatie: 6 jaar of ouder";"Waarde";"2024*";"Drenthe (PV)";"     1.4"
"Personenauto  (passagier)";"Populatie: 6 jaar of ouder";"Waarde";"2018";"Overijssel (PV)";"     2.8"
"Personenauto  (passagier)";"Populatie: 6 jaar of ouder";"Waarde";"2019";"Overijssel (PV)";"     2.9"
"Personenauto  (passagier)";"Populatie: 6 jaar of ouder";"Waarde";"2020";"Overijssel (PV)";"     1.6"
"Personenauto  (passagier)";"Populatie: 6 jaar of ouder";"Waarde";"2021";"Overijssel (PV)";"     2.0"
"Personenauto  (passagier)";"Populatie: 6 jaar of ouder";"Waarde";"2022";"Overijssel (PV)";"     2.2"
"Personenauto  (passagier)";"Populatie: 6 jaar of ouder";"Waarde";"2023";"Overijssel (PV)";"     2.8"
"Personenauto  (passagier)";"Populatie: 6 jaar of ouder";"Waarde";"2024*";"Overijssel (PV)";"     2.8"
"Personenauto  (passagier)";"Populatie: 6 jaar of ouder";"Waarde";"2018";"Flevoland (PV)";"     1.0"
"Personenauto  (passagier)";"Populatie: 6 jaar of ouder";"Waarde";"2019";"Flevoland (PV)";"     1.1"
"Personenauto  (passagier)";"Populatie: 6 jaar of ouder";"Waarde";"2020";"Flevoland (PV)";"     0.8"
"Personenauto  (passagier)";"Populatie: 6 jaar of ouder";"Waarde";"2021";"Flevoland (PV)";"     1.1"
"Personenauto  (passagier)";"Populatie: 6 jaar of ouder";"Waarde";"2022";"Flevoland (PV)";"     1.2"
"Personenauto  (passagier)";"Populatie: 6 jaar of ouder";"Waarde";"2023";"Flevoland (PV)";"     1.0"
"Personenauto  (passagier)";"Populatie: 6 jaar of ouder";"Waarde";"2024*";"Flevoland (PV)";"     1.3"
"Personenauto  (passagier)";"Populatie: 6 jaar of ouder";"Waarde";"2018";"Gelderland (PV)";"     5.0"
"Personenauto  (passagier)";"Populatie: 6 jaar of ouder";"Waarde";"2019";"Gelderland (PV)";"     4.3"
"Personenauto  (passagier)";"Populatie: 6 jaar of ouder";"Waarde";"2020";"Gelderland (PV)";"     3.3"
"Personenauto  (passagier)";"Populatie: 6 jaar of ouder";"Waarde";"2021";"Gelderland (PV)";"     3.8"
"Personenauto  (passagier)";"Populatie: 6 jaar of ouder";"Waarde";"2022";"Gelderland (PV)";"     4.3"
"Personenauto  (passagier)";"Populatie: 6 jaar of ouder";"Waarde";"2023";"Gelderland (PV)";"     5.0"
"Personenauto  (passagier)";"Populatie: 6 jaar of ouder";"Waarde";"2024*";"Gelderland (PV)";"     4.5"
"Personenauto  (passagier)";"Populatie: 6 jaar of ouder";"Waarde";"2018";"Utrecht (PV)";"     3.0"
"Personenauto  (passagier)";"Populatie: 6 jaar of ouder";"Waarde";"2019";"Utrecht (PV)";"     3.6"
"Personenauto  (passagier)";"Populatie: 6 jaar of ouder";"Waarde";"2020";"Utrecht (PV)";"     2.1"
"Personenauto  (passagier)";"Populatie: 6 jaar of ouder";"Waarde";"2021";"Utrecht (PV)";"     2.6"
"Personenauto  (passagier)";"Populatie: 6 jaar of ouder";"Waarde";"2022";"Utrecht (PV)";"     2.8"
"Personenauto  (passagier)";"Populatie: 6 jaar of ouder";"Waarde";"2023";"Utrecht (PV)";"     3.1"
"Personenauto  (passagier)";"Populatie: 6 jaar of ouder";"Waarde";"2024*";"Utrecht (PV)";"     2.8"
"Personenauto  (passagier)";"Populatie: 6 jaar of ouder";"Waarde";"2018";"Noord-Holland (PV)";"     6.0"
"Personenauto  (passagier)";"Populatie: 6 jaar of ouder";"Waarde";"2019";"Noord-Holland (PV)";"     5.2"
"Personenauto  (passagier)";"Populatie: 6 jaar of ouder";"Waarde";"2020";"Noord-Holland (PV)";"     3.9"
"Personenauto  (passagier)";"Populatie: 6 jaar of ouder";"Waarde";"2021";"Noord-Holland (PV)";"     4.7"
"Personenauto  (passagier)";"Populatie: 6 jaar of ouder";"Waarde";"2022";"Noord-Holland (PV)";"     5.0"
"Personenauto  (passagier)";"Populatie: 6 jaar of ouder";"Waarde";"2023";"Noord-Holland (PV)";"     5.2"
"Personenauto  (passagier)";"Populatie: 6 jaar of ouder";"Waarde";"2024*";"Noord-Holland (PV)";"     5.2"
"Personenauto  (passagier)";"Populatie: 6 jaar of ouder";"Waarde";"2018";"Zuid-Holland (PV)";"     7.2"
"Personenauto  (passagier)";"Populatie: 6 jaar of ouder";"Waarde";"2019";"Zuid-Holland (PV)";"     7.5"
"Personenauto  (passagier)";"Populatie: 6 jaar of ouder";"Waarde";"2020";"Zuid-Holland (PV)";"     5.2"
"Personenauto  (passagier)";"Populatie: 6 jaar of ouder";"Waarde";"2021";"Zuid-Holland (PV)";"     6.2"
"Personenauto  (passagier)";"Populatie: 6 jaar of ouder";"Waarde";"2022";"Zuid-Holland (PV)";"     6.1"
"Personenauto  (passagier)";"Populatie: 6 jaar of ouder";"Waarde";"2023";"Zuid-Holland (PV)";"     7.0"
"Personenauto  (passagier)";"Populatie: 6 jaar of ouder";"Waarde";"2024*";"Zuid-Holland (PV)";"     6.7"
"Personenauto  (passagier)";"Populatie: 6 jaar of ouder";"Waarde";"2018";"Zeeland (PV)";"     0.7"
"Personenauto  (passagier)";"Populatie: 6 jaar of ouder";"Waarde";"2019";"Zeeland (PV)";"     1.1"
"Personenauto  (passagier)";"Populatie: 6 jaar of ouder";"Waarde";"2020";"Zeeland (PV)";"     0.7"
"Personenauto  (passagier)";"Populatie: 6 jaar of ouder";"Waarde";"2021";"Zeeland (PV)";"     0.7"
"Personenauto  (passagier)";"Populatie: 6 jaar of ouder";"Waarde";"2022";"Zeeland (PV)";"     0.7"
"Personenauto  (passagier)";"Populatie: 6 jaar of ouder";"Waarde";"2023";"Zeeland (PV)";"     0.8"
"Personenauto  (passagier)";"Populatie: 6 jaar of ouder";"Waarde";"2024*";"Zeeland (PV)";"     0.7"
"Personenauto  (passagier)";"Populatie: 6 jaar of ouder";"Waarde";"2018";"Noord-Brabant (PV)";"     5.5"
"Personenauto  (passagier)";"Populatie: 6 jaar of ouder";"Waarde";"2019";"Noord-Brabant (PV)";"     5.5"
"Personenauto  (passagier)";"Populatie: 6 jaar of ouder";"Waarde";"2020";"Noord-Brabant (PV)";"     3.7"
"Personenauto  (passagier)";"Populatie: 6 jaar of ouder";"Waarde";"2021";"Noord-Brabant (PV)";"     3.8"
"Personenauto  (passagier)";"Populatie: 6 jaar of ouder";"Waarde";"2022";"Noord-Brabant (PV)";"     4.7"
"Personenauto  (passagier)";"Populatie: 6 jaar of ouder";"Waarde";"2023";"Noord-Brabant (PV)";"     5.8"
"Personenauto  (passagier)";"Populatie: 6 jaar of ouder";"Waarde";"2024*";"Noord-Brabant (PV)";"     5.6"
"Personenauto  (passagier)";"Populatie: 6 jaar of ouder";"Waarde";"2018";"Limburg (PV)";"     2.6"
"Personenauto  (passagier)";"Populatie: 6 jaar of ouder";"Waarde";"2019";"Limburg (PV)";"     2.5"
"Personenauto  (passagier)";"Populatie: 6 jaar of ouder";"Waarde";"2020";"Limburg (PV)";"     1.6"
"Personenauto  (passagier)";"Populatie: 6 jaar of ouder";"Waarde";"2021";"Limburg (PV)";"     1.6"
"Personenauto  (passagier)";"Populatie: 6 jaar of ouder";"Waarde";"2022";"Limburg (PV)";"     2.0"
"Personenauto  (passagier)";"Populatie: 6 jaar of ouder";"Waarde";"2023";"Limburg (PV)";"     2.0"
"Personenauto  (passagier)";"Populatie: 6 jaar of ouder";"Waarde";"2024*";"Limburg (PV)";"     2.0"
"Personenauto  (passagier)";"Populatie: 6 jaar of ouder";"Waarde";"2018";"Zeer sterk stedelijk";"     7.4"
"Personenauto  (passagier)";"Populatie: 6 jaar of ouder";"Waarde";"2019";"Zeer sterk stedelijk";"     6.8"
"Personenauto  (passagier)";"Populatie: 6 jaar of ouder";"Waarde";"2020";"Zeer sterk stedelijk";"     5.4"
"Personenauto  (passagier)";"Populatie: 6 jaar of ouder";"Waarde";"2021";"Zeer sterk stedelijk";"     6.5"
"Personenauto  (passagier)";"Populatie: 6 jaar of ouder";"Waarde";"2022";"Zeer sterk stedelijk";"     7.1"
"Personenauto  (passagier)";"Populatie: 6 jaar of ouder";"Waarde";"2023";"Zeer sterk stedelijk";"     7.4"
"Personenauto  (passagier)";"Populatie: 6 jaar of ouder";"Waarde";"2024*";"Zeer sterk stedelijk";"     7.1"
"Personenauto  (passagier)";"Populatie: 6 jaar of ouder";"Waarde";"2018";"Sterk stedelijk";"    11.5"
"Personenauto  (passagier)";"Populatie: 6 jaar of ouder";"Waarde";"2019";"Sterk stedelijk";"    12.1"
"Personenauto  (passagier)";"Populatie: 6 jaar of ouder";"Waarde";"2020";"Sterk stedelijk";"     7.7"
"Personenauto  (passagier)";"Populatie: 6 jaar of ouder";"Waarde";"2021";"Sterk stedelijk";"     9.6"
"Personenauto  (passagier)";"Populatie: 6 jaar of ouder";"Waarde";"2022";"Sterk stedelijk";"     9.7"
"Personenauto  (passagier)";"Populatie: 6 jaar of ouder";"Waarde";"2023";"Sterk stedelijk";"    11.3"
"Personenauto  (passagier)";"Populatie: 6 jaar of ouder";"Waarde";"2024*";"Sterk stedelijk";"    10.9"
"Personenauto  (passagier)";"Populatie: 6 jaar of ouder";"Waarde";"2018";"Matig stedelijk";"     6.2"
"Personenauto  (passagier)";"Populatie: 6 jaar of ouder";"Waarde";"2019";"Matig stedelijk";"     6.6"
"Personenauto  (passagier)";"Populatie: 6 jaar of ouder";"Waarde";"2020";"Matig stedelijk";"     4.5"
"Personenauto  (passagier)";"Populatie: 6 jaar of ouder";"Waarde";"2021";"Matig stedelijk";"     4.9"
"Personenauto  (passagier)";"Populatie: 6 jaar of ouder";"Waarde";"2022";"Matig stedelijk";"     5.5"
"Personenauto  (passagier)";"Populatie: 6 jaar of ouder";"Waarde";"2023";"Matig stedelijk";"     6.6"
"Personenauto  (passagier)";"Populatie: 6 jaar of ouder";"Waarde";"2024*";"Matig stedelijk";"     6.3"
"Personenauto  (passagier)";"Populatie: 6 jaar of ouder";"Waarde";"2018";"Weinig stedelijk";"    10.1"
"Personenauto  (passagier)";"Populatie: 6 jaar of ouder";"Waarde";"2019";"Weinig stedelijk";"     9.8"
"Personenauto  (passagier)";"Populatie: 6 jaar of ouder";"Waarde";"2020";"Weinig stedelijk";"     5.9"
"Personenauto  (passagier)";"Populatie: 6 jaar of ouder";"Waarde";"2021";"Weinig stedelijk";"     6.9"
"Personenauto  (passagier)";"Populatie: 6 jaar of ouder";"Waarde";"2022";"Weinig stedelijk";"     8.1"
"Personenauto  (passagier)";"Populatie: 6 jaar of ouder";"Waarde";"2023";"Weinig stedelijk";"     8.2"
"Personenauto  (passagier)";"Populatie: 6 jaar of ouder";"Waarde";"2024*";"Weinig stedelijk";"     8.7"
"Personenauto  (passagier)";"Populatie: 6 jaar of ouder";"Waarde";"2018";"Niet stedelijk";"     3.4"
"Personenauto  (passagier)";"Populatie: 6 jaar of ouder";"Waarde";"2019";"Niet stedelijk";"     3.7"
"Personenauto  (passagier)";"Populatie: 6 jaar of ouder";"Waarde";"2020";"Niet stedelijk";"     2.3"
"Personenauto  (passagier)";"Populatie: 6 jaar of ouder";"Waarde";"2021";"Niet stedelijk";"     2.3"
"Personenauto  (passagier)";"Populatie: 6 jaar of ouder";"Waarde";"2022";"Niet stedelijk";"     2.3"
"Personenauto  (passagier)";"Populatie: 6 jaar of ouder";"Waarde";"2023";"Niet stedelijk";"     3.0"
"Personenauto  (passagier)";"Populatie: 6 jaar of ouder";"Waarde";"2024*";"Niet stedelijk";"     3.2"
"Trein";"Populatie: 6 jaar of ouder";"Waarde";"2018";"Nederland";"    22.8"
"Trein";"Populatie: 6 jaar of ouder";"Waarde";"2019";"Nederland";"    24.1"
"Trein";"Populatie: 6 jaar of ouder";"Waarde";"2020";"Nederland";"     9.6"
"Trein";"Populatie: 6 jaar of ouder";"Waarde";"2021";"Nederland";"    10.2"
"Trein";"Populatie: 6 jaar of ouder";"Waarde";"2022";"Nederland";"    15.8"
"Trein";"Populatie: 6 jaar of ouder";"Waarde";"2023";"Nederland";"    20.0"
"Trein";"Populatie: 6 jaar of ouder";"Waarde";"2024*";"Nederland";"    20.2"
"Trein";"Populatie: 6 jaar of ouder";"Waarde";"2018";"Noord-Nederland (LD)";"     2.1"
"Trein";"Populatie: 6 jaar of ouder";"Waarde";"2019";"Noord-Nederland (LD)";"     2.0"
"Trein";"Populatie: 6 jaar of ouder";"Waarde";"2020";"Noord-Nederland (LD)";"     0.8"
"Trein";"Populatie: 6 jaar of ouder";"Waarde";"2021";"Noord-Nederland (LD)";"     1.1"
"Trein";"Populatie: 6 jaar of ouder";"Waarde";"2022";"Noord-Nederland (LD)";"     1.6"
"Trein";"Populatie: 6 jaar of ouder";"Waarde";"2023";"Noord-Nederland (LD)";"     1.8"
"Trein";"Populatie: 6 jaar of ouder";"Waarde";"2024*";"Noord-Nederland (LD)";"     1.4"
"Trein";"Populatie: 6 jaar of ouder";"Waarde";"2018";"Oost-Nederland (LD)";"     4.7"
"Trein";"Populatie: 6 jaar of ouder";"Waarde";"2019";"Oost-Nederland (LD)";"     5.4"
"Trein";"Populatie: 6 jaar of ouder";"Waarde";"2020";"Oost-Nederland (LD)";"     2.3"
"Trein";"Populatie: 6 jaar of ouder";"Waarde";"2021";"Oost-Nederland (LD)";"     2.1"
"Trein";"Populatie: 6 jaar of ouder";"Waarde";"2022";"Oost-Nederland (LD)";"     3.9"
"Trein";"Populatie: 6 jaar of ouder";"Waarde";"2023";"Oost-Nederland (LD)";"     4.3"
"Trein";"Populatie: 6 jaar of ouder";"Waarde";"2024*";"Oost-Nederland (LD)";"     4.6"
"Trein";"Populatie: 6 jaar of ouder";"Waarde";"2018";"West-Nederland (LD)";"    11.7"
"Trein";"Populatie: 6 jaar of ouder";"Waarde";"2019";"West-Nederland (LD)";"    12.3"
"Trein";"Populatie: 6 jaar of ouder";"Waarde";"2020";"West-Nederland (LD)";"     4.8"
"Trein";"Populatie: 6 jaar of ouder";"Waarde";"2021";"West-Nederland (LD)";"     5.4"
"Trein";"Populatie: 6 jaar of ouder";"Waarde";"2022";"West-Nederland (LD)";"     7.5"
"Trein";"Populatie: 6 jaar of ouder";"Waarde";"2023";"West-Nederland (LD)";"    10.1"
"Trein";"Populatie: 6 jaar of ouder";"Waarde";"2024*";"West-Nederland (LD)";"    10.5"
"Trein";"Populatie: 6 jaar of ouder";"Waarde";"2018";"Zuid-Nederland (LD)";"     4.2"
"Trein";"Populatie: 6 jaar of ouder";"Waarde";"2019";"Zuid-Nederland (LD)";"     4.3"
"Trein";"Populatie: 6 jaar of ouder";"Waarde";"2020";"Zuid-Nederland (LD)";"     1.7"
"Trein";"Populatie: 6 jaar of ouder";"Waarde";"2021";"Zuid-Nederland (LD)";"     1.6"
"Trein";"Populatie: 6 jaar of ouder";"Waarde";"2022";"Zuid-Nederland (LD)";"     2.8"
"Trein";"Populatie: 6 jaar of ouder";"Waarde";"2023";"Zuid-Nederland (LD)";"     4.0"
"Trein";"Populatie: 6 jaar of ouder";"Waarde";"2024*";"Zuid-Nederland (LD)";"     3.7"
"Trein";"Populatie: 6 jaar of ouder";"Waarde";"2018";"Groningen (PV)";"     0.9"
"Trein";"Populatie: 6 jaar of ouder";"Waarde";"2019";"Groningen (PV)";"     1.1"
"Trein";"Populatie: 6 jaar of ouder";"Waarde";"2020";"Groningen (PV)";"       ."
"Trein";"Populatie: 6 jaar of ouder";"Waarde";"2021";"Groningen (PV)";"     0.6"
"Trein";"Populatie: 6 jaar of ouder";"Waarde";"2022";"Groningen (PV)";"     0.7"
"Trein";"Populatie: 6 jaar of ouder";"Waarde";"2023";"Groningen (PV)";"     0.9"
"Trein";"Populatie: 6 jaar of ouder";"Waarde";"2024*";"Groningen (PV)";"     0.6"
"Trein";"Populatie: 6 jaar of ouder";"Waarde";"2018";"Friesland (PV)";"     0.6"
"Trein";"Populatie: 6 jaar of ouder";"Waarde";"2019";"Friesland (PV)";"       ."
"Trein";"Populatie: 6 jaar of ouder";"Waarde";"2020";"Friesland (PV)";"       ."
"Trein";"Populatie: 6 jaar of ouder";"Waarde";"2021";"Friesland (PV)";"       ."
"Trein";"Populatie: 6 jaar of ouder";"Waarde";"2022";"Friesland (PV)";"       ."
"Trein";"Populatie: 6 jaar of ouder";"Waarde";"2023";"Friesland (PV)";"       ."
"Trein";"Populatie: 6 jaar of ouder";"Waarde";"2024*";"Friesland (PV)";"       ."
"Trein";"Populatie: 6 jaar of ouder";"Waarde";"2018";"Drenthe (PV)";"       ."
"Trein";"Populatie: 6 jaar of ouder";"Waarde";"2019";"Drenthe (PV)";"       ."
"Trein";"Populatie: 6 jaar of ouder";"Waarde";"2020";"Drenthe (PV)";"       ."
"Trein";"Populatie: 6 jaar of ouder";"Waarde";"2021";"Drenthe (PV)";"       ."
"Trein";"Populatie: 6 jaar of ouder";"Waarde";"2022";"Drenthe (PV)";"       ."
"Trein";"Populatie: 6 jaar of ouder";"Waarde";"2023";"Drenthe (PV)";"       ."
"Trein";"Populatie: 6 jaar of ouder";"Waarde";"2024*";"Drenthe (PV)";"       ."
"Trein";"Populatie: 6 jaar of ouder";"Waarde";"2018";"Overijssel (PV)";"     1.3"
"Trein";"Populatie: 6 jaar of ouder";"Waarde";"2019";"Overijssel (PV)";"     2.0"
"Trein";"Populatie: 6 jaar of ouder";"Waarde";"2020";"Overijssel (PV)";"     0.7"
"Trein";"Populatie: 6 jaar of ouder";"Waarde";"2021";"Overijssel (PV)";"     0.4"
"Trein";"Populatie: 6 jaar of ouder";"Waarde";"2022";"Overijssel (PV)";"     1.2"
"Trein";"Populatie: 6 jaar of ouder";"Waarde";"2023";"Overijssel (PV)";"     1.3"
"Trein";"Populatie: 6 jaar of ouder";"Waarde";"2024*";"Overijssel (PV)";"     1.5"
"Trein";"Populatie: 6 jaar of ouder";"Waarde";"2018";"Flevoland (PV)";"     0.7"
"Trein";"Populatie: 6 jaar of ouder";"Waarde";"2019";"Flevoland (PV)";"     0.8"
"Trein";"Populatie: 6 jaar of ouder";"Waarde";"2020";"Flevoland (PV)";"       ."
"Trein";"Populatie: 6 jaar of ouder";"Waarde";"2021";"Flevoland (PV)";"     0.3"
"Trein";"Populatie: 6 jaar of ouder";"Waarde";"2022";"Flevoland (PV)";"     0.4"
"Trein";"Populatie: 6 jaar of ouder";"Waarde";"2023";"Flevoland (PV)";"     0.4"
"Trein";"Populatie: 6 jaar of ouder";"Waarde";"2024*";"Flevoland (PV)";"     0.6"
"Trein";"Populatie: 6 jaar of ouder";"Waarde";"2018";"Gelderland (PV)";"     2.7"
"Trein";"Populatie: 6 jaar of ouder";"Waarde";"2019";"Gelderland (PV)";"     2.6"
"Trein";"Populatie: 6 jaar of ouder";"Waarde";"2020";"Gelderland (PV)";"     1.3"
"Trein";"Populatie: 6 jaar of ouder";"Waarde";"2021";"Gelderland (PV)";"     1.4"
"Trein";"Populatie: 6 jaar of ouder";"Waarde";"2022";"Gelderland (PV)";"     2.3"
"Trein";"Populatie: 6 jaar of ouder";"Waarde";"2023";"Gelderland (PV)";"     2.6"
"Trein";"Populatie: 6 jaar of ouder";"Waarde";"2024*";"Gelderland (PV)";"     2.5"
"Trein";"Populatie: 6 jaar of ouder";"Waarde";"2018";"Utrecht (PV)";"     2.1"
"Trein";"Populatie: 6 jaar of ouder";"Waarde";"2019";"Utrecht (PV)";"     2.6"
"Trein";"Populatie: 6 jaar of ouder";"Waarde";"2020";"Utrecht (PV)";"     1.1"
"Trein";"Populatie: 6 jaar of ouder";"Waarde";"2021";"Utrecht (PV)";"     1.1"
"Trein";"Populatie: 6 jaar of ouder";"Waarde";"2022";"Utrecht (PV)";"     1.6"
"Trein";"Populatie: 6 jaar of ouder";"Waarde";"2023";"Utrecht (PV)";"     2.3"
"Trein";"Populatie: 6 jaar of ouder";"Waarde";"2024*";"Utrecht (PV)";"     2.1"
"Trein";"Populatie: 6 jaar of ouder";"Waarde";"2018";"Noord-Holland (PV)";"     4.9"
"Trein";"Populatie: 6 jaar of ouder";"Waarde";"2019";"Noord-Holland (PV)";"     4.7"
"Trein";"Populatie: 6 jaar of ouder";"Waarde";"2020";"Noord-Holland (PV)";"     2.0"
"Trein";"Populatie: 6 jaar of ouder";"Waarde";"2021";"Noord-Holland (PV)";"     2.1"
"Trein";"Populatie: 6 jaar of ouder";"Waarde";"2022";"Noord-Holland (PV)";"     2.7"
"Trein";"Populatie: 6 jaar of ouder";"Waarde";"2023";"Noord-Holland (PV)";"     3.4"
"Trein";"Populatie: 6 jaar of ouder";"Waarde";"2024*";"Noord-Holland (PV)";"     4.0"
"Trein";"Populatie: 6 jaar of ouder";"Waarde";"2018";"Zuid-Holland (PV)";"     4.6"
"Trein";"Populatie: 6 jaar of ouder";"Waarde";"2019";"Zuid-Holland (PV)";"     4.8"
"Trein";"Populatie: 6 jaar of ouder";"Waarde";"2020";"Zuid-Holland (PV)";"     1.6"
"Trein";"Populatie: 6 jaar of ouder";"Waarde";"2021";"Zuid-Holland (PV)";"     2.2"
"Trein";"Populatie: 6 jaar of ouder";"Waarde";"2022";"Zuid-Holland (PV)";"     3.0"
"Trein";"Populatie: 6 jaar of ouder";"Waarde";"2023";"Zuid-Holland (PV)";"     4.3"
"Trein";"Populatie: 6 jaar of ouder";"Waarde";"2024*";"Zuid-Holland (PV)";"     4.1"
"Trein";"Populatie: 6 jaar of ouder";"Waarde";"2018";"Zeeland (PV)";"       ."
"Trein";"Populatie: 6 jaar of ouder";"Waarde";"2019";"Zeeland (PV)";"       ."
"Trein";"Populatie: 6 jaar of ouder";"Waarde";"2020";"Zeeland (PV)";"       ."
"Trein";"Populatie: 6 jaar of ouder";"Waarde";"2021";"Zeeland (PV)";"       ."
"Trein";"Populatie: 6 jaar of ouder";"Waarde";"2022";"Zeeland (PV)";"       ."
"Trein";"Populatie: 6 jaar of ouder";"Waarde";"2023";"Zeeland (PV)";"       ."
"Trein";"Populatie: 6 jaar of ouder";"Waarde";"2024*";"Zeeland (PV)";"       ."
"Trein";"Populatie: 6 jaar of ouder";"Waarde";"2018";"Noord-Brabant (PV)";"     2.8"
"Trein";"Populatie: 6 jaar of ouder";"Waarde";"2019";"Noord-Brabant (PV)";"     3.0"
"Trein";"Populatie: 6 jaar of ouder";"Waarde";"2020";"Noord-Brabant (PV)";"     1.1"
"Trein";"Populatie: 6 jaar of ouder";"Waarde";"2021";"Noord-Brabant (PV)";"     1.0"
"Trein";"Populatie: 6 jaar of ouder";"Waarde";"2022";"Noord-Brabant (PV)";"     1.6"
"Trein";"Populatie: 6 jaar of ouder";"Waarde";"2023";"Noord-Brabant (PV)";"     2.8"
"Trein";"Populatie: 6 jaar of ouder";"Waarde";"2024*";"Noord-Brabant (PV)";"     2.5"
"Trein";"Populatie: 6 jaar of ouder";"Waarde";"2018";"Limburg (PV)";"     1.4"
"Trein";"Populatie: 6 jaar of ouder";"Waarde";"2019";"Limburg (PV)";"     1.2"
"Trein";"Populatie: 6 jaar of ouder";"Waarde";"2020";"Limburg (PV)";"     0.6"
"Trein";"Populatie: 6 jaar of ouder";"Waarde";"2021";"Limburg (PV)";"     0.6"
"Trein";"Populatie: 6 jaar of ouder";"Waarde";"2022";"Limburg (PV)";"     1.2"
"Trein";"Populatie: 6 jaar of ouder";"Waarde";"2023";"Limburg (PV)";"     1.2"
"Trein";"Populatie: 6 jaar of ouder";"Waarde";"2024*";"Limburg (PV)";"     1.2"
"Trein";"Populatie: 6 jaar of ouder";"Waarde";"2018";"Zeer sterk stedelijk";"     8.8"
"Trein";"Populatie: 6 jaar of ouder";"Waarde";"2019";"Zeer sterk stedelijk";"     9.4"
"Trein";"Populatie: 6 jaar of ouder";"Waarde";"2020";"Zeer sterk stedelijk";"     3.5"
"Trein";"Populatie: 6 jaar of ouder";"Waarde";"2021";"Zeer sterk stedelijk";"     4.5"
"Trein";"Populatie: 6 jaar of ouder";"Waarde";"2022";"Zeer sterk stedelijk";"     5.8"
"Trein";"Populatie: 6 jaar of ouder";"Waarde";"2023";"Zeer sterk stedelijk";"     7.6"
"Trein";"Populatie: 6 jaar of ouder";"Waarde";"2024*";"Zeer sterk stedelijk";"     8.3"
"Trein";"Populatie: 6 jaar of ouder";"Waarde";"2018";"Sterk stedelijk";"     7.0"
"Trein";"Populatie: 6 jaar of ouder";"Waarde";"2019";"Sterk stedelijk";"     8.0"
"Trein";"Populatie: 6 jaar of ouder";"Waarde";"2020";"Sterk stedelijk";"     3.4"
"Trein";"Populatie: 6 jaar of ouder";"Waarde";"2021";"Sterk stedelijk";"     3.1"
"Trein";"Populatie: 6 jaar of ouder";"Waarde";"2022";"Sterk stedelijk";"     5.3"
"Trein";"Populatie: 6 jaar of ouder";"Waarde";"2023";"Sterk stedelijk";"     7.0"
"Trein";"Populatie: 6 jaar of ouder";"Waarde";"2024*";"Sterk stedelijk";"     6.5"
"Trein";"Populatie: 6 jaar of ouder";"Waarde";"2018";"Matig stedelijk";"     3.2"
"Trein";"Populatie: 6 jaar of ouder";"Waarde";"2019";"Matig stedelijk";"     2.9"
"Trein";"Populatie: 6 jaar of ouder";"Waarde";"2020";"Matig stedelijk";"     1.1"
"Trein";"Populatie: 6 jaar of ouder";"Waarde";"2021";"Matig stedelijk";"     1.0"
"Trein";"Populatie: 6 jaar of ouder";"Waarde";"2022";"Matig stedelijk";"     1.9"
"Trein";"Populatie: 6 jaar of ouder";"Waarde";"2023";"Matig stedelijk";"     2.4"
"Trein";"Populatie: 6 jaar of ouder";"Waarde";"2024*";"Matig stedelijk";"     2.2"
"Trein";"Populatie: 6 jaar of ouder";"Waarde";"2018";"Weinig stedelijk";"     2.8"
"Trein";"Populatie: 6 jaar of ouder";"Waarde";"2019";"Weinig stedelijk";"     2.8"
"Trein";"Populatie: 6 jaar of ouder";"Waarde";"2020";"Weinig stedelijk";"     1.2"
"Trein";"Populatie: 6 jaar of ouder";"Waarde";"2021";"Weinig stedelijk";"     1.3"
"Trein";"Populatie: 6 jaar of ouder";"Waarde";"2022";"Weinig stedelijk";"     2.1"
"Trein";"Populatie: 6 jaar of ouder";"Waarde";"2023";"Weinig stedelijk";"     2.5"
"Trein";"Populatie: 6 jaar of ouder";"Waarde";"2024*";"Weinig stedelijk";"     2.4"
"Trein";"Populatie: 6 jaar of ouder";"Waarde";"2018";"Niet stedelijk";"     0.9"
"Trein";"Populatie: 6 jaar of ouder";"Waarde";"2019";"Niet stedelijk";"     1.0"
"Trein";"Populatie: 6 jaar of ouder";"Waarde";"2020";"Niet stedelijk";"       ."
"Trein";"Populatie: 6 jaar of ouder";"Waarde";"2021";"Niet stedelijk";"       ."
"Trein";"Populatie: 6 jaar of ouder";"Waarde";"2022";"Niet stedelijk";"     0.7"
"Trein";"Populatie: 6 jaar of ouder";"Waarde";"2023";"Niet stedelijk";"     0.6"
"Trein";"Populatie: 6 jaar of ouder";"Waarde";"2024*";"Niet stedelijk";"     0.7"
"Bus/tram/metro";"Populatie: 6 jaar of ouder";"Waarde";"2018";"Nederland";"     6.5"
"Bus/tram/metro";"Populatie: 6 jaar of ouder";"Waarde";"2019";"Nederland";"     6.5"
"Bus/tram/metro";"Populatie: 6 jaar of ouder";"Waarde";"2020";"Nederland";"     2.9"
"Bus/tram/metro";"Populatie: 6 jaar of ouder";"Waarde";"2021";"Nederland";"     3.5"
"Bus/tram/metro";"Populatie: 6 jaar of ouder";"Waarde";"2022";"Nederland";"     5.0"
"Bus/tram/metro";"Populatie: 6 jaar of ouder";"Waarde";"2023";"Nederland";"     5.1"
"Bus/tram/metro";"Populatie: 6 jaar of ouder";"Waarde";"2024*";"Nederland";"     5.4"
"Bus/tram/metro";"Populatie: 6 jaar of ouder";"Waarde";"2018";"Noord-Nederland (LD)";"     0.7"
"Bus/tram/metro";"Populatie: 6 jaar of ouder";"Waarde";"2019";"Noord-Nederland (LD)";"     0.6"
"Bus/tram/metro";"Populatie: 6 jaar of ouder";"Waarde";"2020";"Noord-Nederland (LD)";"     0.3"
"Bus/tram/metro";"Populatie: 6 jaar of ouder";"Waarde";"2021";"Noord-Nederland (LD)";"     0.4"
"Bus/tram/metro";"Populatie: 6 jaar of ouder";"Waarde";"2022";"Noord-Nederland (LD)";"     0.6"
"Bus/tram/metro";"Populatie: 6 jaar of ouder";"Waarde";"2023";"Noord-Nederland (LD)";"     0.5"
"Bus/tram/metro";"Populatie: 6 jaar of ouder";"Waarde";"2024*";"Noord-Nederland (LD)";"     0.5"
"Bus/tram/metro";"Populatie: 6 jaar of ouder";"Waarde";"2018";"Oost-Nederland (LD)";"     0.8"
"Bus/tram/metro";"Populatie: 6 jaar of ouder";"Waarde";"2019";"Oost-Nederland (LD)";"     0.8"
"Bus/tram/metro";"Populatie: 6 jaar of ouder";"Waarde";"2020";"Oost-Nederland (LD)";"     0.4"
"Bus/tram/metro";"Populatie: 6 jaar of ouder";"Waarde";"2021";"Oost-Nederland (LD)";"     0.4"
"Bus/tram/metro";"Populatie: 6 jaar of ouder";"Waarde";"2022";"Oost-Nederland (LD)";"     0.7"
"Bus/tram/metro";"Populatie: 6 jaar of ouder";"Waarde";"2023";"Oost-Nederland (LD)";"     0.6"
"Bus/tram/metro";"Populatie: 6 jaar of ouder";"Waarde";"2024*";"Oost-Nederland (LD)";"     0.7"
"Bus/tram/metro";"Populatie: 6 jaar of ouder";"Waarde";"2018";"West-Nederland (LD)";"     4.2"
"Bus/tram/metro";"Populatie: 6 jaar of ouder";"Waarde";"2019";"West-Nederland (LD)";"     4.3"
"Bus/tram/metro";"Populatie: 6 jaar of ouder";"Waarde";"2020";"West-Nederland (LD)";"     1.9"
"Bus/tram/metro";"Populatie: 6 jaar of ouder";"Waarde";"2021";"West-Nederland (LD)";"     2.3"
"Bus/tram/metro";"Populatie: 6 jaar of ouder";"Waarde";"2022";"West-Nederland (LD)";"     3.2"
"Bus/tram/metro";"Populatie: 6 jaar of ouder";"Waarde";"2023";"West-Nederland (LD)";"     3.4"
"Bus/tram/metro";"Populatie: 6 jaar of ouder";"Waarde";"2024*";"West-Nederland (LD)";"     3.6"
"Bus/tram/metro";"Populatie: 6 jaar of ouder";"Waarde";"2018";"Zuid-Nederland (LD)";"     0.8"
"Bus/tram/metro";"Populatie: 6 jaar of ouder";"Waarde";"2019";"Zuid-Nederland (LD)";"     0.7"
"Bus/tram/metro";"Populatie: 6 jaar of ouder";"Waarde";"2020";"Zuid-Nederland (LD)";"     0.4"
"Bus/tram/metro";"Populatie: 6 jaar of ouder";"Waarde";"2021";"Zuid-Nederland (LD)";"     0.3"
"Bus/tram/metro";"Populatie: 6 jaar of ouder";"Waarde";"2022";"Zuid-Nederland (LD)";"     0.7"
"Bus/tram/metro";"Populatie: 6 jaar of ouder";"Waarde";"2023";"Zuid-Nederland (LD)";"     0.6"
"Bus/tram/metro";"Populatie: 6 jaar of ouder";"Waarde";"2024*";"Zuid-Nederland (LD)";"     0.6"
"Bus/tram/metro";"Populatie: 6 jaar of ouder";"Waarde";"2018";"Groningen (PV)";"     0.2"
"Bus/tram/metro";"Populatie: 6 jaar of ouder";"Waarde";"2019";"Groningen (PV)";"     0.2"
"Bus/tram/metro";"Populatie: 6 jaar of ouder";"Waarde";"2020";"Groningen (PV)";"       ."
"Bus/tram/metro";"Populatie: 6 jaar of ouder";"Waarde";"2021";"Groningen (PV)";"       ."
"Bus/tram/metro";"Populatie: 6 jaar of ouder";"Waarde";"2022";"Groningen (PV)";"     0.2"
"Bus/tram/metro";"Populatie: 6 jaar of ouder";"Waarde";"2023";"Groningen (PV)";"     0.2"
"Bus/tram/metro";"Populatie: 6 jaar of ouder";"Waarde";"2024*";"Groningen (PV)";"     0.2"
"Bus/tram/metro";"Populatie: 6 jaar of ouder";"Waarde";"2018";"Friesland (PV)";"     0.3"
"Bus/tram/metro";"Populatie: 6 jaar of ouder";"Waarde";"2019";"Friesland (PV)";"     0.2"
"Bus/tram/metro";"Populatie: 6 jaar of ouder";"Waarde";"2020";"Friesland (PV)";"       ."
"Bus/tram/metro";"Populatie: 6 jaar of ouder";"Waarde";"2021";"Friesland (PV)";"       ."
"Bus/tram/metro";"Populatie: 6 jaar of ouder";"Waarde";"2022";"Friesland (PV)";"       ."
"Bus/tram/metro";"Populatie: 6 jaar of ouder";"Waarde";"2023";"Friesland (PV)";"       ."
"Bus/tram/metro";"Populatie: 6 jaar of ouder";"Waarde";"2024*";"Friesland (PV)";"       ."
"Bus/tram/metro";"Populatie: 6 jaar of ouder";"Waarde";"2018";"Drenthe (PV)";"     0.1"
"Bus/tram/metro";"Populatie: 6 jaar of ouder";"Waarde";"2019";"Drenthe (PV)";"       ."
"Bus/tram/metro";"Populatie: 6 jaar of ouder";"Waarde";"2020";"Drenthe (PV)";"       ."
"Bus/tram/metro";"Populatie: 6 jaar of ouder";"Waarde";"2021";"Drenthe (PV)";"       ."
"Bus/tram/metro";"Populatie: 6 jaar of ouder";"Waarde";"2022";"Drenthe (PV)";"       ."
"Bus/tram/metro";"Populatie: 6 jaar of ouder";"Waarde";"2023";"Drenthe (PV)";"       ."
"Bus/tram/metro";"Populatie: 6 jaar of ouder";"Waarde";"2024*";"Drenthe (PV)";"       ."
"Bus/tram/metro";"Populatie: 6 jaar of ouder";"Waarde";"2018";"Overijssel (PV)";"     0.1"
"Bus/tram/metro";"Populatie: 6 jaar of ouder";"Waarde";"2019";"Overijssel (PV)";"       ."
"Bus/tram/metro";"Populatie: 6 jaar of ouder";"Waarde";"2020";"Overijssel (PV)";"       ."
"Bus/tram/metro";"Populatie: 6 jaar of ouder";"Waarde";"2021";"Overijssel (PV)";"       ."
"Bus/tram/metro";"Populatie: 6 jaar of ouder";"Waarde";"2022";"Overijssel (PV)";"     0.1"
"Bus/tram/metro";"Populatie: 6 jaar of ouder";"Waarde";"2023";"Overijssel (PV)";"       ."
"Bus/tram/metro";"Populatie: 6 jaar of ouder";"Waarde";"2024*";"Overijssel (PV)";"     0.1"
"Bus/tram/metro";"Populatie: 6 jaar of ouder";"Waarde";"2018";"Flevoland (PV)";"     0.2"
"Bus/tram/metro";"Populatie: 6 jaar of ouder";"Waarde";"2019";"Flevoland (PV)";"     0.2"
"Bus/tram/metro";"Populatie: 6 jaar of ouder";"Waarde";"2020";"Flevoland (PV)";"     0.1"
"Bus/tram/metro";"Populatie: 6 jaar of ouder";"Waarde";"2021";"Flevoland (PV)";"     0.1"
"Bus/tram/metro";"Populatie: 6 jaar of ouder";"Waarde";"2022";"Flevoland (PV)";"       ."
"Bus/tram/metro";"Populatie: 6 jaar of ouder";"Waarde";"2023";"Flevoland (PV)";"     0.1"
"Bus/tram/metro";"Populatie: 6 jaar of ouder";"Waarde";"2024*";"Flevoland (PV)";"     0.1"
"Bus/tram/metro";"Populatie: 6 jaar of ouder";"Waarde";"2018";"Gelderland (PV)";"     0.4"
"Bus/tram/metro";"Populatie: 6 jaar of ouder";"Waarde";"2019";"Gelderland (PV)";"     0.4"
"Bus/tram/metro";"Populatie: 6 jaar of ouder";"Waarde";"2020";"Gelderland (PV)";"     0.2"
"Bus/tram/metro";"Populatie: 6 jaar of ouder";"Waarde";"2021";"Gelderland (PV)";"     0.2"
"Bus/tram/metro";"Populatie: 6 jaar of ouder";"Waarde";"2022";"Gelderland (PV)";"     0.4"
"Bus/tram/metro";"Populatie: 6 jaar of ouder";"Waarde";"2023";"Gelderland (PV)";"     0.4"
"Bus/tram/metro";"Populatie: 6 jaar of ouder";"Waarde";"2024*";"Gelderland (PV)";"     0.4"
"Bus/tram/metro";"Populatie: 6 jaar of ouder";"Waarde";"2018";"Utrecht (PV)";"     0.4"
"Bus/tram/metro";"Populatie: 6 jaar of ouder";"Waarde";"2019";"Utrecht (PV)";"     0.4"
"Bus/tram/metro";"Populatie: 6 jaar of ouder";"Waarde";"2020";"Utrecht (PV)";"     0.2"
"Bus/tram/metro";"Populatie: 6 jaar of ouder";"Waarde";"2021";"Utrecht (PV)";"     0.3"
"Bus/tram/metro";"Populatie: 6 jaar of ouder";"Waarde";"2022";"Utrecht (PV)";"     0.4"
"Bus/tram/metro";"Populatie: 6 jaar of ouder";"Waarde";"2023";"Utrecht (PV)";"     0.4"
"Bus/tram/metro";"Populatie: 6 jaar of ouder";"Waarde";"2024*";"Utrecht (PV)";"     0.4"
"Bus/tram/metro";"Populatie: 6 jaar of ouder";"Waarde";"2018";"Noord-Holland (PV)";"     1.7"
"Bus/tram/metro";"Populatie: 6 jaar of ouder";"Waarde";"2019";"Noord-Holland (PV)";"     1.6"
"Bus/tram/metro";"Populatie: 6 jaar of ouder";"Waarde";"2020";"Noord-Holland (PV)";"     0.7"
"Bus/tram/metro";"Populatie: 6 jaar of ouder";"Waarde";"2021";"Noord-Holland (PV)";"     0.8"
"Bus/tram/metro";"Populatie: 6 jaar of ouder";"Waarde";"2022";"Noord-Holland (PV)";"     1.1"
"Bus/tram/metro";"Populatie: 6 jaar of ouder";"Waarde";"2023";"Noord-Holland (PV)";"     1.2"
"Bus/tram/metro";"Populatie: 6 jaar of ouder";"Waarde";"2024*";"Noord-Holland (PV)";"     1.3"
"Bus/tram/metro";"Populatie: 6 jaar of ouder";"Waarde";"2018";"Zuid-Holland (PV)";"     2.0"
"Bus/tram/metro";"Populatie: 6 jaar of ouder";"Waarde";"2019";"Zuid-Holland (PV)";"     2.2"
"Bus/tram/metro";"Populatie: 6 jaar of ouder";"Waarde";"2020";"Zuid-Holland (PV)";"     0.9"
"Bus/tram/metro";"Populatie: 6 jaar of ouder";"Waarde";"2021";"Zuid-Holland (PV)";"     1.1"
"Bus/tram/metro";"Populatie: 6 jaar of ouder";"Waarde";"2022";"Zuid-Holland (PV)";"     1.6"
"Bus/tram/metro";"Populatie: 6 jaar of ouder";"Waarde";"2023";"Zuid-Holland (PV)";"     1.8"
"Bus/tram/metro";"Populatie: 6 jaar of ouder";"Waarde";"2024*";"Zuid-Holland (PV)";"     1.8"
"Bus/tram/metro";"Populatie: 6 jaar of ouder";"Waarde";"2018";"Zeeland (PV)";"       ."
"Bus/tram/metro";"Populatie: 6 jaar of ouder";"Waarde";"2019";"Zeeland (PV)";"       ."
"Bus/tram/metro";"Populatie: 6 jaar of ouder";"Waarde";"2020";"Zeeland (PV)";"       ."
"Bus/tram/metro";"Populatie: 6 jaar of ouder";"Waarde";"2021";"Zeeland (PV)";"       ."
"Bus/tram/metro";"Populatie: 6 jaar of ouder";"Waarde";"2022";"Zeeland (PV)";"       ."
"Bus/tram/metro";"Populatie: 6 jaar of ouder";"Waarde";"2023";"Zeeland (PV)";"       ."
"Bus/tram/metro";"Populatie: 6 jaar of ouder";"Waarde";"2024*";"Zeeland (PV)";"       ."
"Bus/tram/metro";"Populatie: 6 jaar of ouder";"Waarde";"2018";"Noord-Brabant (PV)";"     0.6"
"Bus/tram/metro";"Populatie: 6 jaar of ouder";"Waarde";"2019";"Noord-Brabant (PV)";"     0.6"
"Bus/tram/metro";"Populatie: 6 jaar of ouder";"Waarde";"2020";"Noord-Brabant (PV)";"     0.3"
"Bus/tram/metro";"Populatie: 6 jaar of ouder";"Waarde";"2021";"Noord-Brabant (PV)";"     0.2"
"Bus/tram/metro";"Populatie: 6 jaar of ouder";"Waarde";"2022";"Noord-Brabant (PV)";"     0.5"
"Bus/tram/metro";"Populatie: 6 jaar of ouder";"Waarde";"2023";"Noord-Brabant (PV)";"     0.5"
"Bus/tram/metro";"Populatie: 6 jaar of ouder";"Waarde";"2024*";"Noord-Brabant (PV)";"     0.5"
"Bus/tram/metro";"Populatie: 6 jaar of ouder";"Waarde";"2018";"Limburg (PV)";"     0.2"
"Bus/tram/metro";"Populatie: 6 jaar of ouder";"Waarde";"2019";"Limburg (PV)";"     0.1"
"Bus/tram/metro";"Populatie: 6 jaar of ouder";"Waarde";"2020";"Limburg (PV)";"       ."
"Bus/tram/metro";"Populatie: 6 jaar of ouder";"Waarde";"2021";"Limburg (PV)";"     0.1"
"Bus/tram/metro";"Populatie: 6 jaar of ouder";"Waarde";"2022";"Limburg (PV)";"     0.1"
"Bus/tram/metro";"Populatie: 6 jaar of ouder";"Waarde";"2023";"Limburg (PV)";"     0.1"
"Bus/tram/metro";"Populatie: 6 jaar of ouder";"Waarde";"2024*";"Limburg (PV)";"     0.2"
"Bus/tram/metro";"Populatie: 6 jaar of ouder";"Waarde";"2018";"Zeer sterk stedelijk";"     2.6"
"Bus/tram/metro";"Populatie: 6 jaar of ouder";"Waarde";"2019";"Zeer sterk stedelijk";"     2.5"
"Bus/tram/metro";"Populatie: 6 jaar of ouder";"Waarde";"2020";"Zeer sterk stedelijk";"     1.2"
"Bus/tram/metro";"Populatie: 6 jaar of ouder";"Waarde";"2021";"Zeer sterk stedelijk";"     1.4"
"Bus/tram/metro";"Populatie: 6 jaar of ouder";"Waarde";"2022";"Zeer sterk stedelijk";"     1.9"
"Bus/tram/metro";"Populatie: 6 jaar of ouder";"Waarde";"2023";"Zeer sterk stedelijk";"     2.2"
"Bus/tram/metro";"Populatie: 6 jaar of ouder";"Waarde";"2024*";"Zeer sterk stedelijk";"     2.4"
"Bus/tram/metro";"Populatie: 6 jaar of ouder";"Waarde";"2018";"Sterk stedelijk";"     1.7"
"Bus/tram/metro";"Populatie: 6 jaar of ouder";"Waarde";"2019";"Sterk stedelijk";"     1.8"
"Bus/tram/metro";"Populatie: 6 jaar of ouder";"Waarde";"2020";"Sterk stedelijk";"     0.8"
"Bus/tram/metro";"Populatie: 6 jaar of ouder";"Waarde";"2021";"Sterk stedelijk";"     0.9"
"Bus/tram/metro";"Populatie: 6 jaar of ouder";"Waarde";"2022";"Sterk stedelijk";"     1.3"
"Bus/tram/metro";"Populatie: 6 jaar of ouder";"Waarde";"2023";"Sterk stedelijk";"     1.2"
"Bus/tram/metro";"Populatie: 6 jaar of ouder";"Waarde";"2024*";"Sterk stedelijk";"     1.3"
"Bus/tram/metro";"Populatie: 6 jaar of ouder";"Waarde";"2018";"Matig stedelijk";"     0.7"
"Bus/tram/metro";"Populatie: 6 jaar of ouder";"Waarde";"2019";"Matig stedelijk";"     0.7"
"Bus/tram/metro";"Populatie: 6 jaar of ouder";"Waarde";"2020";"Matig stedelijk";"     0.4"
"Bus/tram/metro";"Populatie: 6 jaar of ouder";"Waarde";"2021";"Matig stedelijk";"     0.2"
"Bus/tram/metro";"Populatie: 6 jaar of ouder";"Waarde";"2022";"Matig stedelijk";"     0.6"
"Bus/tram/metro";"Populatie: 6 jaar of ouder";"Waarde";"2023";"Matig stedelijk";"     0.6"
"Bus/tram/metro";"Populatie: 6 jaar of ouder";"Waarde";"2024*";"Matig stedelijk";"     0.6"
"Bus/tram/metro";"Populatie: 6 jaar of ouder";"Waarde";"2018";"Weinig stedelijk";"     1.0"
"Bus/tram/metro";"Populatie: 6 jaar of ouder";"Waarde";"2019";"Weinig stedelijk";"     1.0"
"Bus/tram/metro";"Populatie: 6 jaar of ouder";"Waarde";"2020";"Weinig stedelijk";"     0.4"
"Bus/tram/metro";"Populatie: 6 jaar of ouder";"Waarde";"2021";"Weinig stedelijk";"     0.8"
"Bus/tram/metro";"Populatie: 6 jaar of ouder";"Waarde";"2022";"Weinig stedelijk";"     0.9"
"Bus/tram/metro";"Populatie: 6 jaar of ouder";"Waarde";"2023";"Weinig stedelijk";"     0.7"
"Bus/tram/metro";"Populatie: 6 jaar of ouder";"Waarde";"2024*";"Weinig stedelijk";"     0.8"
"Bus/tram/metro";"Populatie: 6 jaar of ouder";"Waarde";"2018";"Niet stedelijk";"     0.4"
"Bus/tram/metro";"Populatie: 6 jaar of ouder";"Waarde";"2019";"Niet stedelijk";"     0.4"
"Bus/tram/metro";"Populatie: 6 jaar of ouder";"Waarde";"2020";"Niet stedelijk";"     0.2"
"Bus/tram/metro";"Populatie: 6 jaar of ouder";"Waarde";"2021";"Niet stedelijk";"     0.2"
"Bus/tram/metro";"Populatie: 6 jaar of ouder";"Waarde";"2022";"Niet stedelijk";"     0.4"
"Bus/tram/metro";"Populatie: 6 jaar of ouder";"Waarde";"2023";"Niet stedelijk";"     0.3"
"Bus/tram/metro";"Populatie: 6 jaar of ouder";"Waarde";"2024*";"Niet stedelijk";"     0.3"
"Fiets";"Populatie: 6 jaar of ouder";"Waarde";"2018";"Nederland";"    18.5"
"Fiets";"Populatie: 6 jaar of ouder";"Waarde";"2019";"Nederland";"    17.8"
"Fiets";"Populatie: 6 jaar of ouder";"Waarde";"2020";"Nederland";"    15.5"
"Fiets";"Populatie: 6 jaar of ouder";"Waarde";"2021";"Nederland";"    16.1"
"Fiets";"Populatie: 6 jaar of ouder";"Waarde";"2022";"Nederland";"    18.4"
"Fiets";"Populatie: 6 jaar of ouder";"Waarde";"2023";"Nederland";"    17.8"
"Fiets";"Populatie: 6 jaar of ouder";"Waarde";"2024*";"Nederland";"    18.7"
"Fiets";"Populatie: 6 jaar of ouder";"Waarde";"2018";"Noord-Nederland (LD)";"     1.9"
"Fiets";"Populatie: 6 jaar of ouder";"Waarde";"2019";"Noord-Nederland (LD)";"     1.8"
"Fiets";"Populatie: 6 jaar of ouder";"Waarde";"2020";"Noord-Nederland (LD)";"     1.6"
"Fiets";"Populatie: 6 jaar of ouder";"Waarde";"2021";"Noord-Nederland (LD)";"     1.7"
"Fiets";"Populatie: 6 jaar of ouder";"Waarde";"2022";"Noord-Nederland (LD)";"     1.9"
"Fiets";"Populatie: 6 jaar of ouder";"Waarde";"2023";"Noord-Nederland (LD)";"     1.8"
"Fiets";"Populatie: 6 jaar of ouder";"Waarde";"2024*";"Noord-Nederland (LD)";"     2.0"
"Fiets";"Populatie: 6 jaar of ouder";"Waarde";"2018";"Oost-Nederland (LD)";"     4.0"
"Fiets";"Populatie: 6 jaar of ouder";"Waarde";"2019";"Oost-Nederland (LD)";"     4.0"
"Fiets";"Populatie: 6 jaar of ouder";"Waarde";"2020";"Oost-Nederland (LD)";"     3.4"
"Fiets";"Populatie: 6 jaar of ouder";"Waarde";"2021";"Oost-Nederland (LD)";"     3.6"
"Fiets";"Populatie: 6 jaar of ouder";"Waarde";"2022";"Oost-Nederland (LD)";"     4.1"
"Fiets";"Populatie: 6 jaar of ouder";"Waarde";"2023";"Oost-Nederland (LD)";"     3.9"
"Fiets";"Populatie: 6 jaar of ouder";"Waarde";"2024*";"Oost-Nederland (LD)";"     4.2"
"Fiets";"Populatie: 6 jaar of ouder";"Waarde";"2018";"West-Nederland (LD)";"     8.9"
"Fiets";"Populatie: 6 jaar of ouder";"Waarde";"2019";"West-Nederland (LD)";"     8.4"
"Fiets";"Populatie: 6 jaar of ouder";"Waarde";"2020";"West-Nederland (LD)";"     7.5"
"Fiets";"Populatie: 6 jaar of ouder";"Waarde";"2021";"West-Nederland (LD)";"     7.7"
"Fiets";"Populatie: 6 jaar of ouder";"Waarde";"2022";"West-Nederland (LD)";"     8.7"
"Fiets";"Populatie: 6 jaar of ouder";"Waarde";"2023";"West-Nederland (LD)";"     8.5"
"Fiets";"Populatie: 6 jaar of ouder";"Waarde";"2024*";"West-Nederland (LD)";"     8.9"
"Fiets";"Populatie: 6 jaar of ouder";"Waarde";"2018";"Zuid-Nederland (LD)";"     3.7"
"Fiets";"Populatie: 6 jaar of ouder";"Waarde";"2019";"Zuid-Nederland (LD)";"     3.5"
"Fiets";"Populatie: 6 jaar of ouder";"Waarde";"2020";"Zuid-Nederland (LD)";"     3.0"
"Fiets";"Populatie: 6 jaar of ouder";"Waarde";"2021";"Zuid-Nederland (LD)";"     3.0"
"Fiets";"Populatie: 6 jaar of ouder";"Waarde";"2022";"Zuid-Nederland (LD)";"     3.7"
"Fiets";"Populatie: 6 jaar of ouder";"Waarde";"2023";"Zuid-Nederland (LD)";"     3.5"
"Fiets";"Populatie: 6 jaar of ouder";"Waarde";"2024*";"Zuid-Nederland (LD)";"     3.6"
"Fiets";"Populatie: 6 jaar of ouder";"Waarde";"2018";"Groningen (PV)";"     0.7"
"Fiets";"Populatie: 6 jaar of ouder";"Waarde";"2019";"Groningen (PV)";"     0.7"
"Fiets";"Populatie: 6 jaar of ouder";"Waarde";"2020";"Groningen (PV)";"     0.6"
"Fiets";"Populatie: 6 jaar of ouder";"Waarde";"2021";"Groningen (PV)";"     0.5"
"Fiets";"Populatie: 6 jaar of ouder";"Waarde";"2022";"Groningen (PV)";"     0.7"
"Fiets";"Populatie: 6 jaar of ouder";"Waarde";"2023";"Groningen (PV)";"     0.7"
"Fiets";"Populatie: 6 jaar of ouder";"Waarde";"2024*";"Groningen (PV)";"     0.7"
"Fiets";"Populatie: 6 jaar of ouder";"Waarde";"2018";"Friesland (PV)";"     0.7"
"Fiets";"Populatie: 6 jaar of ouder";"Waarde";"2019";"Friesland (PV)";"     0.6"
"Fiets";"Populatie: 6 jaar of ouder";"Waarde";"2020";"Friesland (PV)";"     0.6"
"Fiets";"Populatie: 6 jaar of ouder";"Waarde";"2021";"Friesland (PV)";"     0.7"
"Fiets";"Populatie: 6 jaar of ouder";"Waarde";"2022";"Friesland (PV)";"     0.7"
"Fiets";"Populatie: 6 jaar of ouder";"Waarde";"2023";"Friesland (PV)";"     0.6"
"Fiets";"Populatie: 6 jaar of ouder";"Waarde";"2024*";"Friesland (PV)";"     0.7"
"Fiets";"Populatie: 6 jaar of ouder";"Waarde";"2018";"Drenthe (PV)";"     0.5"
"Fiets";"Populatie: 6 jaar of ouder";"Waarde";"2019";"Drenthe (PV)";"     0.5"
"Fiets";"Populatie: 6 jaar of ouder";"Waarde";"2020";"Drenthe (PV)";"     0.5"
"Fiets";"Populatie: 6 jaar of ouder";"Waarde";"2021";"Drenthe (PV)";"     0.5"
"Fiets";"Populatie: 6 jaar of ouder";"Waarde";"2022";"Drenthe (PV)";"     0.5"
"Fiets";"Populatie: 6 jaar of ouder";"Waarde";"2023";"Drenthe (PV)";"     0.5"
"Fiets";"Populatie: 6 jaar of ouder";"Waarde";"2024*";"Drenthe (PV)";"     0.5"
"Fiets";"Populatie: 6 jaar of ouder";"Waarde";"2018";"Overijssel (PV)";"     1.3"
"Fiets";"Populatie: 6 jaar of ouder";"Waarde";"2019";"Overijssel (PV)";"     1.4"
"Fiets";"Populatie: 6 jaar of ouder";"Waarde";"2020";"Overijssel (PV)";"     1.2"
"Fiets";"Populatie: 6 jaar of ouder";"Waarde";"2021";"Overijssel (PV)";"     1.3"
"Fiets";"Populatie: 6 jaar of ouder";"Waarde";"2022";"Overijssel (PV)";"     1.4"
"Fiets";"Populatie: 6 jaar of ouder";"Waarde";"2023";"Overijssel (PV)";"     1.4"
"Fiets";"Populatie: 6 jaar of ouder";"Waarde";"2024*";"Overijssel (PV)";"     1.5"
"Fiets";"Populatie: 6 jaar of ouder";"Waarde";"2018";"Flevoland (PV)";"     0.3"
"Fiets";"Populatie: 6 jaar of ouder";"Waarde";"2019";"Flevoland (PV)";"     0.3"
"Fiets";"Populatie: 6 jaar of ouder";"Waarde";"2020";"Flevoland (PV)";"     0.3"
"Fiets";"Populatie: 6 jaar of ouder";"Waarde";"2021";"Flevoland (PV)";"     0.3"
"Fiets";"Populatie: 6 jaar of ouder";"Waarde";"2022";"Flevoland (PV)";"     0.3"
"Fiets";"Populatie: 6 jaar of ouder";"Waarde";"2023";"Flevoland (PV)";"     0.3"
"Fiets";"Populatie: 6 jaar of ouder";"Waarde";"2024*";"Flevoland (PV)";"     0.3"
"Fiets";"Populatie: 6 jaar of ouder";"Waarde";"2018";"Gelderland (PV)";"     2.4"
"Fiets";"Populatie: 6 jaar of ouder";"Waarde";"2019";"Gelderland (PV)";"     2.3"
"Fiets";"Populatie: 6 jaar of ouder";"Waarde";"2020";"Gelderland (PV)";"     2.0"
"Fiets";"Populatie: 6 jaar of ouder";"Waarde";"2021";"Gelderland (PV)";"     2.1"
"Fiets";"Populatie: 6 jaar of ouder";"Waarde";"2022";"Gelderland (PV)";"     2.4"
"Fiets";"Populatie: 6 jaar of ouder";"Waarde";"2023";"Gelderland (PV)";"     2.2"
"Fiets";"Populatie: 6 jaar of ouder";"Waarde";"2024*";"Gelderland (PV)";"     2.4"
"Fiets";"Populatie: 6 jaar of ouder";"Waarde";"2018";"Utrecht (PV)";"     1.6"
"Fiets";"Populatie: 6 jaar of ouder";"Waarde";"2019";"Utrecht (PV)";"     1.6"
"Fiets";"Populatie: 6 jaar of ouder";"Waarde";"2020";"Utrecht (PV)";"     1.3"
"Fiets";"Populatie: 6 jaar of ouder";"Waarde";"2021";"Utrecht (PV)";"     1.4"
"Fiets";"Populatie: 6 jaar of ouder";"Waarde";"2022";"Utrecht (PV)";"     1.6"
"Fiets";"Populatie: 6 jaar of ouder";"Waarde";"2023";"Utrecht (PV)";"     1.6"
"Fiets";"Populatie: 6 jaar of ouder";"Waarde";"2024*";"Utrecht (PV)";"     1.7"
"Fiets";"Populatie: 6 jaar of ouder";"Waarde";"2018";"Noord-Holland (PV)";"     3.3"
"Fiets";"Populatie: 6 jaar of ouder";"Waarde";"2019";"Noord-Holland (PV)";"     3.0"
"Fiets";"Populatie: 6 jaar of ouder";"Waarde";"2020";"Noord-Holland (PV)";"     2.7"
"Fiets";"Populatie: 6 jaar of ouder";"Waarde";"2021";"Noord-Holland (PV)";"     2.8"
"Fiets";"Populatie: 6 jaar of ouder";"Waarde";"2022";"Noord-Holland (PV)";"     3.1"
"Fiets";"Populatie: 6 jaar of ouder";"Waarde";"2023";"Noord-Holland (PV)";"     3.1"
"Fiets";"Populatie: 6 jaar of ouder";"Waarde";"2024*";"Noord-Holland (PV)";"     3.2"
"Fiets";"Populatie: 6 jaar of ouder";"Waarde";"2018";"Zuid-Holland (PV)";"     3.6"
"Fiets";"Populatie: 6 jaar of ouder";"Waarde";"2019";"Zuid-Holland (PV)";"     3.4"
"Fiets";"Populatie: 6 jaar of ouder";"Waarde";"2020";"Zuid-Holland (PV)";"     3.1"
"Fiets";"Populatie: 6 jaar of ouder";"Waarde";"2021";"Zuid-Holland (PV)";"     3.1"
"Fiets";"Populatie: 6 jaar of ouder";"Waarde";"2022";"Zuid-Holland (PV)";"     3.5"
"Fiets";"Populatie: 6 jaar of ouder";"Waarde";"2023";"Zuid-Holland (PV)";"     3.4"
"Fiets";"Populatie: 6 jaar of ouder";"Waarde";"2024*";"Zuid-Holland (PV)";"     3.6"
"Fiets";"Populatie: 6 jaar of ouder";"Waarde";"2018";"Zeeland (PV)";"     0.4"
"Fiets";"Populatie: 6 jaar of ouder";"Waarde";"2019";"Zeeland (PV)";"     0.4"
"Fiets";"Populatie: 6 jaar of ouder";"Waarde";"2020";"Zeeland (PV)";"     0.4"
"Fiets";"Populatie: 6 jaar of ouder";"Waarde";"2021";"Zeeland (PV)";"     0.4"
"Fiets";"Populatie: 6 jaar of ouder";"Waarde";"2022";"Zeeland (PV)";"     0.5"
"Fiets";"Populatie: 6 jaar of ouder";"Waarde";"2023";"Zeeland (PV)";"     0.4"
"Fiets";"Populatie: 6 jaar of ouder";"Waarde";"2024*";"Zeeland (PV)";"     0.4"
"Fiets";"Populatie: 6 jaar of ouder";"Waarde";"2018";"Noord-Brabant (PV)";"     2.7"
"Fiets";"Populatie: 6 jaar of ouder";"Waarde";"2019";"Noord-Brabant (PV)";"     2.6"
"Fiets";"Populatie: 6 jaar of ouder";"Waarde";"2020";"Noord-Brabant (PV)";"     2.3"
"Fiets";"Populatie: 6 jaar of ouder";"Waarde";"2021";"Noord-Brabant (PV)";"     2.2"
"Fiets";"Populatie: 6 jaar of ouder";"Waarde";"2022";"Noord-Brabant (PV)";"     2.8"
"Fiets";"Populatie: 6 jaar of ouder";"Waarde";"2023";"Noord-Brabant (PV)";"     2.7"
"Fiets";"Populatie: 6 jaar of ouder";"Waarde";"2024*";"Noord-Brabant (PV)";"     2.6"
"Fiets";"Populatie: 6 jaar of ouder";"Waarde";"2018";"Limburg (PV)";"     1.0"
"Fiets";"Populatie: 6 jaar of ouder";"Waarde";"2019";"Limburg (PV)";"     0.9"
"Fiets";"Populatie: 6 jaar of ouder";"Waarde";"2020";"Limburg (PV)";"     0.7"
"Fiets";"Populatie: 6 jaar of ouder";"Waarde";"2021";"Limburg (PV)";"     0.9"
"Fiets";"Populatie: 6 jaar of ouder";"Waarde";"2022";"Limburg (PV)";"     0.9"
"Fiets";"Populatie: 6 jaar of ouder";"Waarde";"2023";"Limburg (PV)";"     0.9"
"Fiets";"Populatie: 6 jaar of ouder";"Waarde";"2024*";"Limburg (PV)";"     0.9"
"Fiets";"Populatie: 6 jaar of ouder";"Waarde";"2018";"Zeer sterk stedelijk";"     4.6"
"Fiets";"Populatie: 6 jaar of ouder";"Waarde";"2019";"Zeer sterk stedelijk";"     4.5"
"Fiets";"Populatie: 6 jaar of ouder";"Waarde";"2020";"Zeer sterk stedelijk";"     3.9"
"Fiets";"Populatie: 6 jaar of ouder";"Waarde";"2021";"Zeer sterk stedelijk";"     4.0"
"Fiets";"Populatie: 6 jaar of ouder";"Waarde";"2022";"Zeer sterk stedelijk";"     4.7"
"Fiets";"Populatie: 6 jaar of ouder";"Waarde";"2023";"Zeer sterk stedelijk";"     4.8"
"Fiets";"Populatie: 6 jaar of ouder";"Waarde";"2024*";"Zeer sterk stedelijk";"     5.0"
"Fiets";"Populatie: 6 jaar of ouder";"Waarde";"2018";"Sterk stedelijk";"     5.6"
"Fiets";"Populatie: 6 jaar of ouder";"Waarde";"2019";"Sterk stedelijk";"     5.3"
"Fiets";"Populatie: 6 jaar of ouder";"Waarde";"2020";"Sterk stedelijk";"     4.4"
"Fiets";"Populatie: 6 jaar of ouder";"Waarde";"2021";"Sterk stedelijk";"     4.6"
"Fiets";"Populatie: 6 jaar of ouder";"Waarde";"2022";"Sterk stedelijk";"     5.2"
"Fiets";"Populatie: 6 jaar of ouder";"Waarde";"2023";"Sterk stedelijk";"     5.1"
"Fiets";"Populatie: 6 jaar of ouder";"Waarde";"2024*";"Sterk stedelijk";"     5.5"
"Fiets";"Populatie: 6 jaar of ouder";"Waarde";"2018";"Matig stedelijk";"     2.9"
"Fiets";"Populatie: 6 jaar of ouder";"Waarde";"2019";"Matig stedelijk";"     2.9"
"Fiets";"Populatie: 6 jaar of ouder";"Waarde";"2020";"Matig stedelijk";"     2.5"
"Fiets";"Populatie: 6 jaar of ouder";"Waarde";"2021";"Matig stedelijk";"     2.5"
"Fiets";"Populatie: 6 jaar of ouder";"Waarde";"2022";"Matig stedelijk";"     3.1"
"Fiets";"Populatie: 6 jaar of ouder";"Waarde";"2023";"Matig stedelijk";"     3.0"
"Fiets";"Populatie: 6 jaar of ouder";"Waarde";"2024*";"Matig stedelijk";"     3.1"
"Fiets";"Populatie: 6 jaar of ouder";"Waarde";"2018";"Weinig stedelijk";"     3.9"
"Fiets";"Populatie: 6 jaar of ouder";"Waarde";"2019";"Weinig stedelijk";"     3.8"
"Fiets";"Populatie: 6 jaar of ouder";"Waarde";"2020";"Weinig stedelijk";"     3.6"
"Fiets";"Populatie: 6 jaar of ouder";"Waarde";"2021";"Weinig stedelijk";"     3.6"
"Fiets";"Populatie: 6 jaar of ouder";"Waarde";"2022";"Weinig stedelijk";"     4.1"
"Fiets";"Populatie: 6 jaar of ouder";"Waarde";"2023";"Weinig stedelijk";"     3.8"
"Fiets";"Populatie: 6 jaar of ouder";"Waarde";"2024*";"Weinig stedelijk";"     3.8"
"Fiets";"Populatie: 6 jaar of ouder";"Waarde";"2018";"Niet stedelijk";"     1.4"
"Fiets";"Populatie: 6 jaar of ouder";"Waarde";"2019";"Niet stedelijk";"     1.3"
"Fiets";"Populatie: 6 jaar of ouder";"Waarde";"2020";"Niet stedelijk";"     1.2"
"Fiets";"Populatie: 6 jaar of ouder";"Waarde";"2021";"Niet stedelijk";"     1.3"
"Fiets";"Populatie: 6 jaar of ouder";"Waarde";"2022";"Niet stedelijk";"     1.3"
"Fiets";"Populatie: 6 jaar of ouder";"Waarde";"2023";"Niet stedelijk";"     1.2"
"Fiets";"Populatie: 6 jaar of ouder";"Waarde";"2024*";"Niet stedelijk";"     1.2"
"Lopen";"Populatie: 6 jaar of ouder";"Waarde";"2018";"Nederland";"     5.2"
"Lopen";"Populatie: 6 jaar of ouder";"Waarde";"2019";"Nederland";"     5.2"
"Lopen";"Populatie: 6 jaar of ouder";"Waarde";"2020";"Nederland";"     6.6"
"Lopen";"Populatie: 6 jaar of ouder";"Waarde";"2021";"Nederland";"     8.2"
"Lopen";"Populatie: 6 jaar of ouder";"Waarde";"2022";"Nederland";"     7.2"
"Lopen";"Populatie: 6 jaar of ouder";"Waarde";"2023";"Nederland";"     6.9"
"Lopen";"Populatie: 6 jaar of ouder";"Waarde";"2024*";"Nederland";"     7.0"
"Lopen";"Populatie: 6 jaar of ouder";"Waarde";"2018";"Noord-Nederland (LD)";"     0.4"
"Lopen";"Populatie: 6 jaar of ouder";"Waarde";"2019";"Noord-Nederland (LD)";"     0.5"
"Lopen";"Populatie: 6 jaar of ouder";"Waarde";"2020";"Noord-Nederland (LD)";"     0.6"
"Lopen";"Populatie: 6 jaar of ouder";"Waarde";"2021";"Noord-Nederland (LD)";"     0.7"
"Lopen";"Populatie: 6 jaar of ouder";"Waarde";"2022";"Noord-Nederland (LD)";"     0.7"
"Lopen";"Populatie: 6 jaar of ouder";"Waarde";"2023";"Noord-Nederland (LD)";"     0.7"
"Lopen";"Populatie: 6 jaar of ouder";"Waarde";"2024*";"Noord-Nederland (LD)";"     0.6"
"Lopen";"Populatie: 6 jaar of ouder";"Waarde";"2018";"Oost-Nederland (LD)";"     1.0"
"Lopen";"Populatie: 6 jaar of ouder";"Waarde";"2019";"Oost-Nederland (LD)";"     1.0"
"Lopen";"Populatie: 6 jaar of ouder";"Waarde";"2020";"Oost-Nederland (LD)";"     1.3"
"Lopen";"Populatie: 6 jaar of ouder";"Waarde";"2021";"Oost-Nederland (LD)";"     1.6"
"Lopen";"Populatie: 6 jaar of ouder";"Waarde";"2022";"Oost-Nederland (LD)";"     1.5"
"Lopen";"Populatie: 6 jaar of ouder";"Waarde";"2023";"Oost-Nederland (LD)";"     1.4"
"Lopen";"Populatie: 6 jaar of ouder";"Waarde";"2024*";"Oost-Nederland (LD)";"     1.4"
"Lopen";"Populatie: 6 jaar of ouder";"Waarde";"2018";"West-Nederland (LD)";"     2.6"
"Lopen";"Populatie: 6 jaar of ouder";"Waarde";"2019";"West-Nederland (LD)";"     2.6"
"Lopen";"Populatie: 6 jaar of ouder";"Waarde";"2020";"West-Nederland (LD)";"     3.2"
"Lopen";"Populatie: 6 jaar of ouder";"Waarde";"2021";"West-Nederland (LD)";"     4.0"
"Lopen";"Populatie: 6 jaar of ouder";"Waarde";"2022";"West-Nederland (LD)";"     3.6"
"Lopen";"Populatie: 6 jaar of ouder";"Waarde";"2023";"West-Nederland (LD)";"     3.4"
"Lopen";"Populatie: 6 jaar of ouder";"Waarde";"2024*";"West-Nederland (LD)";"     3.6"
"Lopen";"Populatie: 6 jaar of ouder";"Waarde";"2018";"Zuid-Nederland (LD)";"     1.1"
"Lopen";"Populatie: 6 jaar of ouder";"Waarde";"2019";"Zuid-Nederland (LD)";"     1.1"
"Lopen";"Populatie: 6 jaar of ouder";"Waarde";"2020";"Zuid-Nederland (LD)";"     1.5"
"Lopen";"Populatie: 6 jaar of ouder";"Waarde";"2021";"Zuid-Nederland (LD)";"     1.8"
"Lopen";"Populatie: 6 jaar of ouder";"Waarde";"2022";"Zuid-Nederland (LD)";"     1.5"
"Lopen";"Populatie: 6 jaar of ouder";"Waarde";"2023";"Zuid-Nederland (LD)";"     1.5"
"Lopen";"Populatie: 6 jaar of ouder";"Waarde";"2024*";"Zuid-Nederland (LD)";"     1.4"
"Lopen";"Populatie: 6 jaar of ouder";"Waarde";"2018";"Groningen (PV)";"     0.1"
"Lopen";"Populatie: 6 jaar of ouder";"Waarde";"2019";"Groningen (PV)";"     0.2"
"Lopen";"Populatie: 6 jaar of ouder";"Waarde";"2020";"Groningen (PV)";"     0.2"
"Lopen";"Populatie: 6 jaar of ouder";"Waarde";"2021";"Groningen (PV)";"     0.3"
"Lopen";"Populatie: 6 jaar of ouder";"Waarde";"2022";"Groningen (PV)";"     0.2"
"Lopen";"Populatie: 6 jaar of ouder";"Waarde";"2023";"Groningen (PV)";"     0.2"
"Lopen";"Populatie: 6 jaar of ouder";"Waarde";"2024*";"Groningen (PV)";"     0.2"
"Lopen";"Populatie: 6 jaar of ouder";"Waarde";"2018";"Friesland (PV)";"     0.2"
"Lopen";"Populatie: 6 jaar of ouder";"Waarde";"2019";"Friesland (PV)";"     0.2"
"Lopen";"Populatie: 6 jaar of ouder";"Waarde";"2020";"Friesland (PV)";"     0.2"
"Lopen";"Populatie: 6 jaar of ouder";"Waarde";"2021";"Friesland (PV)";"     0.3"
"Lopen";"Populatie: 6 jaar of ouder";"Waarde";"2022";"Friesland (PV)";"     0.3"
"Lopen";"Populatie: 6 jaar of ouder";"Waarde";"2023";"Friesland (PV)";"     0.2"
"Lopen";"Populatie: 6 jaar of ouder";"Waarde";"2024*";"Friesland (PV)";"     0.2"
"Lopen";"Populatie: 6 jaar of ouder";"Waarde";"2018";"Drenthe (PV)";"     0.1"
"Lopen";"Populatie: 6 jaar of ouder";"Waarde";"2019";"Drenthe (PV)";"     0.2"
"Lopen";"Populatie: 6 jaar of ouder";"Waarde";"2020";"Drenthe (PV)";"     0.2"
"Lopen";"Populatie: 6 jaar of ouder";"Waarde";"2021";"Drenthe (PV)";"     0.2"
"Lopen";"Populatie: 6 jaar of ouder";"Waarde";"2022";"Drenthe (PV)";"     0.2"
"Lopen";"Populatie: 6 jaar of ouder";"Waarde";"2023";"Drenthe (PV)";"     0.2"
"Lopen";"Populatie: 6 jaar of ouder";"Waarde";"2024*";"Drenthe (PV)";"     0.2"
"Lopen";"Populatie: 6 jaar of ouder";"Waarde";"2018";"Overijssel (PV)";"     0.3"
"Lopen";"Populatie: 6 jaar of ouder";"Waarde";"2019";"Overijssel (PV)";"     0.3"
"Lopen";"Populatie: 6 jaar of ouder";"Waarde";"2020";"Overijssel (PV)";"     0.4"
"Lopen";"Populatie: 6 jaar of ouder";"Waarde";"2021";"Overijssel (PV)";"     0.5"
"Lopen";"Populatie: 6 jaar of ouder";"Waarde";"2022";"Overijssel (PV)";"     0.5"
"Lopen";"Populatie: 6 jaar of ouder";"Waarde";"2023";"Overijssel (PV)";"     0.4"
"Lopen";"Populatie: 6 jaar of ouder";"Waarde";"2024*";"Overijssel (PV)";"     0.4"
"Lopen";"Populatie: 6 jaar of ouder";"Waarde";"2018";"Flevoland (PV)";"     0.1"
"Lopen";"Populatie: 6 jaar of ouder";"Waarde";"2019";"Flevoland (PV)";"     0.1"
"Lopen";"Populatie: 6 jaar of ouder";"Waarde";"2020";"Flevoland (PV)";"     0.1"
"Lopen";"Populatie: 6 jaar of ouder";"Waarde";"2021";"Flevoland (PV)";"     0.2"
"Lopen";"Populatie: 6 jaar of ouder";"Waarde";"2022";"Flevoland (PV)";"     0.2"
"Lopen";"Populatie: 6 jaar of ouder";"Waarde";"2023";"Flevoland (PV)";"     0.2"
"Lopen";"Populatie: 6 jaar of ouder";"Waarde";"2024*";"Flevoland (PV)";"     0.1"
"Lopen";"Populatie: 6 jaar of ouder";"Waarde";"2018";"Gelderland (PV)";"     0.6"
"Lopen";"Populatie: 6 jaar of ouder";"Waarde";"2019";"Gelderland (PV)";"     0.6"
"Lopen";"Populatie: 6 jaar of ouder";"Waarde";"2020";"Gelderland (PV)";"     0.8"
"Lopen";"Populatie: 6 jaar of ouder";"Waarde";"2021";"Gelderland (PV)";"     1.0"
"Lopen";"Populatie: 6 jaar of ouder";"Waarde";"2022";"Gelderland (PV)";"     0.8"
"Lopen";"Populatie: 6 jaar of ouder";"Waarde";"2023";"Gelderland (PV)";"     0.8"
"Lopen";"Populatie: 6 jaar of ouder";"Waarde";"2024*";"Gelderland (PV)";"     0.8"
"Lopen";"Populatie: 6 jaar of ouder";"Waarde";"2018";"Utrecht (PV)";"     0.4"
"Lopen";"Populatie: 6 jaar of ouder";"Waarde";"2019";"Utrecht (PV)";"     0.4"
"Lopen";"Populatie: 6 jaar of ouder";"Waarde";"2020";"Utrecht (PV)";"     0.5"
"Lopen";"Populatie: 6 jaar of ouder";"Waarde";"2021";"Utrecht (PV)";"     0.6"
"Lopen";"Populatie: 6 jaar of ouder";"Waarde";"2022";"Utrecht (PV)";"     0.6"
"Lopen";"Populatie: 6 jaar of ouder";"Waarde";"2023";"Utrecht (PV)";"     0.5"
"Lopen";"Populatie: 6 jaar of ouder";"Waarde";"2024*";"Utrecht (PV)";"     0.6"
"Lopen";"Populatie: 6 jaar of ouder";"Waarde";"2018";"Noord-Holland (PV)";"     0.9"
"Lopen";"Populatie: 6 jaar of ouder";"Waarde";"2019";"Noord-Holland (PV)";"     0.9"
"Lopen";"Populatie: 6 jaar of ouder";"Waarde";"2020";"Noord-Holland (PV)";"     1.1"
"Lopen";"Populatie: 6 jaar of ouder";"Waarde";"2021";"Noord-Holland (PV)";"     1.4"
"Lopen";"Populatie: 6 jaar of ouder";"Waarde";"2022";"Noord-Holland (PV)";"     1.3"
"Lopen";"Populatie: 6 jaar of ouder";"Waarde";"2023";"Noord-Holland (PV)";"     1.2"
"Lopen";"Populatie: 6 jaar of ouder";"Waarde";"2024*";"Noord-Holland (PV)";"     1.3"
"Lopen";"Populatie: 6 jaar of ouder";"Waarde";"2018";"Zuid-Holland (PV)";"     1.2"
"Lopen";"Populatie: 6 jaar of ouder";"Waarde";"2019";"Zuid-Holland (PV)";"     1.2"
"Lopen";"Populatie: 6 jaar of ouder";"Waarde";"2020";"Zuid-Holland (PV)";"     1.4"
"Lopen";"Populatie: 6 jaar of ouder";"Waarde";"2021";"Zuid-Holland (PV)";"     1.8"
"Lopen";"Populatie: 6 jaar of ouder";"Waarde";"2022";"Zuid-Holland (PV)";"     1.5"
"Lopen";"Populatie: 6 jaar of ouder";"Waarde";"2023";"Zuid-Holland (PV)";"     1.6"
"Lopen";"Populatie: 6 jaar of ouder";"Waarde";"2024*";"Zuid-Holland (PV)";"     1.6"
"Lopen";"Populatie: 6 jaar of ouder";"Waarde";"2018";"Zeeland (PV)";"     0.1"
"Lopen";"Populatie: 6 jaar of ouder";"Waarde";"2019";"Zeeland (PV)";"     0.1"
"Lopen";"Populatie: 6 jaar of ouder";"Waarde";"2020";"Zeeland (PV)";"     0.1"
"Lopen";"Populatie: 6 jaar of ouder";"Waarde";"2021";"Zeeland (PV)";"     0.2"
"Lopen";"Populatie: 6 jaar of ouder";"Waarde";"2022";"Zeeland (PV)";"     0.2"
"Lopen";"Populatie: 6 jaar of ouder";"Waarde";"2023";"Zeeland (PV)";"     0.1"
"Lopen";"Populatie: 6 jaar of ouder";"Waarde";"2024*";"Zeeland (PV)";"     0.1"
"Lopen";"Populatie: 6 jaar of ouder";"Waarde";"2018";"Noord-Brabant (PV)";"     0.7"
"Lopen";"Populatie: 6 jaar of ouder";"Waarde";"2019";"Noord-Brabant (PV)";"     0.7"
"Lopen";"Populatie: 6 jaar of ouder";"Waarde";"2020";"Noord-Brabant (PV)";"     1.0"
"Lopen";"Populatie: 6 jaar of ouder";"Waarde";"2021";"Noord-Brabant (PV)";"     1.2"
"Lopen";"Populatie: 6 jaar of ouder";"Waarde";"2022";"Noord-Brabant (PV)";"     1.0"
"Lopen";"Populatie: 6 jaar of ouder";"Waarde";"2023";"Noord-Brabant (PV)";"     1.0"
"Lopen";"Populatie: 6 jaar of ouder";"Waarde";"2024*";"Noord-Brabant (PV)";"     1.0"
"Lopen";"Populatie: 6 jaar of ouder";"Waarde";"2018";"Limburg (PV)";"     0.4"
"Lopen";"Populatie: 6 jaar of ouder";"Waarde";"2019";"Limburg (PV)";"     0.4"
"Lopen";"Populatie: 6 jaar of ouder";"Waarde";"2020";"Limburg (PV)";"     0.5"
"Lopen";"Populatie: 6 jaar of ouder";"Waarde";"2021";"Limburg (PV)";"     0.6"
"Lopen";"Populatie: 6 jaar of ouder";"Waarde";"2022";"Limburg (PV)";"     0.5"
"Lopen";"Populatie: 6 jaar of ouder";"Waarde";"2023";"Limburg (PV)";"     0.5"
"Lopen";"Populatie: 6 jaar of ouder";"Waarde";"2024*";"Limburg (PV)";"     0.5"
"Lopen";"Populatie: 6 jaar of ouder";"Waarde";"2018";"Zeer sterk stedelijk";"     1.5"
"Lopen";"Populatie: 6 jaar of ouder";"Waarde";"2019";"Zeer sterk stedelijk";"     1.5"
"Lopen";"Populatie: 6 jaar of ouder";"Waarde";"2020";"Zeer sterk stedelijk";"     1.8"
"Lopen";"Populatie: 6 jaar of ouder";"Waarde";"2021";"Zeer sterk stedelijk";"     2.4"
"Lopen";"Populatie: 6 jaar of ouder";"Waarde";"2022";"Zeer sterk stedelijk";"     2.1"
"Lopen";"Populatie: 6 jaar of ouder";"Waarde";"2023";"Zeer sterk stedelijk";"     2.0"
"Lopen";"Populatie: 6 jaar of ouder";"Waarde";"2024*";"Zeer sterk stedelijk";"     2.2"
"Lopen";"Populatie: 6 jaar of ouder";"Waarde";"2018";"Sterk stedelijk";"     1.6"
"Lopen";"Populatie: 6 jaar of ouder";"Waarde";"2019";"Sterk stedelijk";"     1.6"
"Lopen";"Populatie: 6 jaar of ouder";"Waarde";"2020";"Sterk stedelijk";"     2.1"
"Lopen";"Populatie: 6 jaar of ouder";"Waarde";"2021";"Sterk stedelijk";"     2.4"
"Lopen";"Populatie: 6 jaar of ouder";"Waarde";"2022";"Sterk stedelijk";"     2.2"
"Lopen";"Populatie: 6 jaar of ouder";"Waarde";"2023";"Sterk stedelijk";"     2.1"
"Lopen";"Populatie: 6 jaar of ouder";"Waarde";"2024*";"Sterk stedelijk";"     2.1"
"Lopen";"Populatie: 6 jaar of ouder";"Waarde";"2018";"Matig stedelijk";"     0.8"
"Lopen";"Populatie: 6 jaar of ouder";"Waarde";"2019";"Matig stedelijk";"     0.8"
"Lopen";"Populatie: 6 jaar of ouder";"Waarde";"2020";"Matig stedelijk";"     1.0"
"Lopen";"Populatie: 6 jaar of ouder";"Waarde";"2021";"Matig stedelijk";"     1.1"
"Lopen";"Populatie: 6 jaar of ouder";"Waarde";"2022";"Matig stedelijk";"     1.1"
"Lopen";"Populatie: 6 jaar of ouder";"Waarde";"2023";"Matig stedelijk";"     1.1"
"Lopen";"Populatie: 6 jaar of ouder";"Waarde";"2024*";"Matig stedelijk";"     1.0"
"Lopen";"Populatie: 6 jaar of ouder";"Waarde";"2018";"Weinig stedelijk";"     1.0"
"Lopen";"Populatie: 6 jaar of ouder";"Waarde";"2019";"Weinig stedelijk";"     1.0"
"Lopen";"Populatie: 6 jaar of ouder";"Waarde";"2020";"Weinig stedelijk";"     1.3"
"Lopen";"Populatie: 6 jaar of ouder";"Waarde";"2021";"Weinig stedelijk";"     1.7"
"Lopen";"Populatie: 6 jaar of ouder";"Waarde";"2022";"Weinig stedelijk";"     1.4"
"Lopen";"Populatie: 6 jaar of ouder";"Waarde";"2023";"Weinig stedelijk";"     1.3"
"Lopen";"Populatie: 6 jaar of ouder";"Waarde";"2024*";"Weinig stedelijk";"     1.3"
"Lopen";"Populatie: 6 jaar of ouder";"Waarde";"2018";"Niet stedelijk";"     0.3"
"Lopen";"Populatie: 6 jaar of ouder";"Waarde";"2019";"Niet stedelijk";"     0.3"
"Lopen";"Populatie: 6 jaar of ouder";"Waarde";"2020";"Niet stedelijk";"     0.5"
"Lopen";"Populatie: 6 jaar of ouder";"Waarde";"2021";"Niet stedelijk";"     0.6"
"Lopen";"Populatie: 6 jaar of ouder";"Waarde";"2022";"Niet stedelijk";"     0.4"
"Lopen";"Populatie: 6 jaar of ouder";"Waarde";"2023";"Niet stedelijk";"     0.4"
"Lopen";"Populatie: 6 jaar of ouder";"Waarde";"2024*";"Niet stedelijk";"     0.4"
"Overige vervoerwijze";"Populatie: 6 jaar of ouder";"Waarde";"2018";"Nederland";"    17.6"
"Overige vervoerwijze";"Populatie: 6 jaar of ouder";"Waarde";"2019";"Nederland";"    17.9"
"Overige vervoerwijze";"Populatie: 6 jaar of ouder";"Waarde";"2020";"Nederland";"    12.1"
"Overige vervoerwijze";"Populatie: 6 jaar of ouder";"Waarde";"2021";"Nederland";"    14.7"
"Overige vervoerwijze";"Populatie: 6 jaar of ouder";"Waarde";"2022";"Nederland";"    15.0"
"Overige vervoerwijze";"Populatie: 6 jaar of ouder";"Waarde";"2023";"Nederland";"    13.4"
"Overige vervoerwijze";"Populatie: 6 jaar of ouder";"Waarde";"2024*";"Nederland";"    14.1"
"Overige vervoerwijze";"Populatie: 6 jaar of ouder";"Waarde";"2018";"Noord-Nederland (LD)";"     2.5"
"Overige vervoerwijze";"Populatie: 6 jaar of ouder";"Waarde";"2019";"Noord-Nederland (LD)";"     2.3"
"Overige vervoerwijze";"Populatie: 6 jaar of ouder";"Waarde";"2020";"Noord-Nederland (LD)";"     1.5"
"Overige vervoerwijze";"Populatie: 6 jaar of ouder";"Waarde";"2021";"Noord-Nederland (LD)";"     1.8"
"Overige vervoerwijze";"Populatie: 6 jaar of ouder";"Waarde";"2022";"Noord-Nederland (LD)";"     2.0"
"Overige vervoerwijze";"Populatie: 6 jaar of ouder";"Waarde";"2023";"Noord-Nederland (LD)";"     1.9"
"Overige vervoerwijze";"Populatie: 6 jaar of ouder";"Waarde";"2024*";"Noord-Nederland (LD)";"     1.8"
"Overige vervoerwijze";"Populatie: 6 jaar of ouder";"Waarde";"2018";"Oost-Nederland (LD)";"     4.2"
"Overige vervoerwijze";"Populatie: 6 jaar of ouder";"Waarde";"2019";"Oost-Nederland (LD)";"     4.7"
"Overige vervoerwijze";"Populatie: 6 jaar of ouder";"Waarde";"2020";"Oost-Nederland (LD)";"     3.0"
"Overige vervoerwijze";"Populatie: 6 jaar of ouder";"Waarde";"2021";"Oost-Nederland (LD)";"     4.0"
"Overige vervoerwijze";"Populatie: 6 jaar of ouder";"Waarde";"2022";"Oost-Nederland (LD)";"     3.5"
"Overige vervoerwijze";"Populatie: 6 jaar of ouder";"Waarde";"2023";"Oost-Nederland (LD)";"     3.3"
"Overige vervoerwijze";"Populatie: 6 jaar of ouder";"Waarde";"2024*";"Oost-Nederland (LD)";"     3.6"
"Overige vervoerwijze";"Populatie: 6 jaar of ouder";"Waarde";"2018";"West-Nederland (LD)";"     6.8"
"Overige vervoerwijze";"Populatie: 6 jaar of ouder";"Waarde";"2019";"West-Nederland (LD)";"     7.6"
"Overige vervoerwijze";"Populatie: 6 jaar of ouder";"Waarde";"2020";"West-Nederland (LD)";"     5.3"
"Overige vervoerwijze";"Populatie: 6 jaar of ouder";"Waarde";"2021";"West-Nederland (LD)";"     6.1"
"Overige vervoerwijze";"Populatie: 6 jaar of ouder";"Waarde";"2022";"West-Nederland (LD)";"     6.1"
"Overige vervoerwijze";"Populatie: 6 jaar of ouder";"Waarde";"2023";"West-Nederland (LD)";"     5.7"
"Overige vervoerwijze";"Populatie: 6 jaar of ouder";"Waarde";"2024*";"West-Nederland (LD)";"     5.6"
"Overige vervoerwijze";"Populatie: 6 jaar of ouder";"Waarde";"2018";"Zuid-Nederland (LD)";"     4.1"
"Overige vervoerwijze";"Populatie: 6 jaar of ouder";"Waarde";"2019";"Zuid-Nederland (LD)";"     3.4"
"Overige vervoerwijze";"Populatie: 6 jaar of ouder";"Waarde";"2020";"Zuid-Nederland (LD)";"     2.3"
"Overige vervoerwijze";"Populatie: 6 jaar of ouder";"Waarde";"2021";"Zuid-Nederland (LD)";"     2.8"
"Overige vervoerwijze";"Populatie: 6 jaar of ouder";"Waarde";"2022";"Zuid-Nederland (LD)";"     3.3"
"Overige vervoerwijze";"Populatie: 6 jaar of ouder";"Waarde";"2023";"Zuid-Nederland (LD)";"     2.5"
"Overige vervoerwijze";"Populatie: 6 jaar of ouder";"Waarde";"2024*";"Zuid-Nederland (LD)";"     3.1"
"Overige vervoerwijze";"Populatie: 6 jaar of ouder";"Waarde";"2018";"Groningen (PV)";"     0.8"
"Overige vervoerwijze";"Populatie: 6 jaar of ouder";"Waarde";"2019";"Groningen (PV)";"     0.5"
"Overige vervoerwijze";"Populatie: 6 jaar of ouder";"Waarde";"2020";"Groningen (PV)";"     0.4"
"Overige vervoerwijze";"Populatie: 6 jaar of ouder";"Waarde";"2021";"Groningen (PV)";"     0.5"
"Overige vervoerwijze";"Populatie: 6 jaar of ouder";"Waarde";"2022";"Groningen (PV)";"     0.6"
"Overige vervoerwijze";"Populatie: 6 jaar of ouder";"Waarde";"2023";"Groningen (PV)";"       ."
"Overige vervoerwijze";"Populatie: 6 jaar of ouder";"Waarde";"2024*";"Groningen (PV)";"     0.5"
"Overige vervoerwijze";"Populatie: 6 jaar of ouder";"Waarde";"2018";"Friesland (PV)";"     1.1"
"Overige vervoerwijze";"Populatie: 6 jaar of ouder";"Waarde";"2019";"Friesland (PV)";"     1.0"
"Overige vervoerwijze";"Populatie: 6 jaar of ouder";"Waarde";"2020";"Friesland (PV)";"     0.7"
"Overige vervoerwijze";"Populatie: 6 jaar of ouder";"Waarde";"2021";"Friesland (PV)";"     0.6"
"Overige vervoerwijze";"Populatie: 6 jaar of ouder";"Waarde";"2022";"Friesland (PV)";"     0.8"
"Overige vervoerwijze";"Populatie: 6 jaar of ouder";"Waarde";"2023";"Friesland (PV)";"     0.8"
"Overige vervoerwijze";"Populatie: 6 jaar of ouder";"Waarde";"2024*";"Friesland (PV)";"     0.8"
"Overige vervoerwijze";"Populatie: 6 jaar of ouder";"Waarde";"2018";"Drenthe (PV)";"     0.6"
"Overige vervoerwijze";"Populatie: 6 jaar of ouder";"Waarde";"2019";"Drenthe (PV)";"     0.7"
"Overige vervoerwijze";"Populatie: 6 jaar of ouder";"Waarde";"2020";"Drenthe (PV)";"       ."
"Overige vervoerwijze";"Populatie: 6 jaar of ouder";"Waarde";"2021";"Drenthe (PV)";"     0.7"
"Overige vervoerwijze";"Populatie: 6 jaar of ouder";"Waarde";"2022";"Drenthe (PV)";"       ."
"Overige vervoerwijze";"Populatie: 6 jaar of ouder";"Waarde";"2023";"Drenthe (PV)";"     0.7"
"Overige vervoerwijze";"Populatie: 6 jaar of ouder";"Waarde";"2024*";"Drenthe (PV)";"     0.6"
"Overige vervoerwijze";"Populatie: 6 jaar of ouder";"Waarde";"2018";"Overijssel (PV)";"     1.6"
"Overige vervoerwijze";"Populatie: 6 jaar of ouder";"Waarde";"2019";"Overijssel (PV)";"     1.6"
"Overige vervoerwijze";"Populatie: 6 jaar of ouder";"Waarde";"2020";"Overijssel (PV)";"     0.9"
"Overige vervoerwijze";"Populatie: 6 jaar of ouder";"Waarde";"2021";"Overijssel (PV)";"     1.1"
"Overige vervoerwijze";"Populatie: 6 jaar of ouder";"Waarde";"2022";"Overijssel (PV)";"     1.3"
"Overige vervoerwijze";"Populatie: 6 jaar of ouder";"Waarde";"2023";"Overijssel (PV)";"     1.1"
"Overige vervoerwijze";"Populatie: 6 jaar of ouder";"Waarde";"2024*";"Overijssel (PV)";"     1.0"
"Overige vervoerwijze";"Populatie: 6 jaar of ouder";"Waarde";"2018";"Flevoland (PV)";"     0.5"
"Overige vervoerwijze";"Populatie: 6 jaar of ouder";"Waarde";"2019";"Flevoland (PV)";"       ."
"Overige vervoerwijze";"Populatie: 6 jaar of ouder";"Waarde";"2020";"Flevoland (PV)";"       ."
"Overige vervoerwijze";"Populatie: 6 jaar of ouder";"Waarde";"2021";"Flevoland (PV)";"     0.5"
"Overige vervoerwijze";"Populatie: 6 jaar of ouder";"Waarde";"2022";"Flevoland (PV)";"       ."
"Overige vervoerwijze";"Populatie: 6 jaar of ouder";"Waarde";"2023";"Flevoland (PV)";"     0.4"
"Overige vervoerwijze";"Populatie: 6 jaar of ouder";"Waarde";"2024*";"Flevoland (PV)";"     0.5"
"Overige vervoerwijze";"Populatie: 6 jaar of ouder";"Waarde";"2018";"Gelderland (PV)";"     2.1"
"Overige vervoerwijze";"Populatie: 6 jaar of ouder";"Waarde";"2019";"Gelderland (PV)";"     2.6"
"Overige vervoerwijze";"Populatie: 6 jaar of ouder";"Waarde";"2020";"Gelderland (PV)";"     1.7"
"Overige vervoerwijze";"Populatie: 6 jaar of ouder";"Waarde";"2021";"Gelderland (PV)";"     2.4"
"Overige vervoerwijze";"Populatie: 6 jaar of ouder";"Waarde";"2022";"Gelderland (PV)";"     1.8"
"Overige vervoerwijze";"Populatie: 6 jaar of ouder";"Waarde";"2023";"Gelderland (PV)";"     1.8"
"Overige vervoerwijze";"Populatie: 6 jaar of ouder";"Waarde";"2024*";"Gelderland (PV)";"     2.2"
"Overige vervoerwijze";"Populatie: 6 jaar of ouder";"Waarde";"2018";"Utrecht (PV)";"     0.9"
"Overige vervoerwijze";"Populatie: 6 jaar of ouder";"Waarde";"2019";"Utrecht (PV)";"     1.1"
"Overige vervoerwijze";"Populatie: 6 jaar of ouder";"Waarde";"2020";"Utrecht (PV)";"     1.0"
"Overige vervoerwijze";"Populatie: 6 jaar of ouder";"Waarde";"2021";"Utrecht (PV)";"     1.0"
"Overige vervoerwijze";"Populatie: 6 jaar of ouder";"Waarde";"2022";"Utrecht (PV)";"     1.0"
"Overige vervoerwijze";"Populatie: 6 jaar of ouder";"Waarde";"2023";"Utrecht (PV)";"     0.8"
"Overige vervoerwijze";"Populatie: 6 jaar of ouder";"Waarde";"2024*";"Utrecht (PV)";"     0.9"
"Overige vervoerwijze";"Populatie: 6 jaar of ouder";"Waarde";"2018";"Noord-Holland (PV)";"     2.4"
"Overige vervoerwijze";"Populatie: 6 jaar of ouder";"Waarde";"2019";"Noord-Holland (PV)";"     2.7"
"Overige vervoerwijze";"Populatie: 6 jaar of ouder";"Waarde";"2020";"Noord-Holland (PV)";"     1.7"
"Overige vervoerwijze";"Populatie: 6 jaar of ouder";"Waarde";"2021";"Noord-Holland (PV)";"     1.6"
"Overige vervoerwijze";"Populatie: 6 jaar of ouder";"Waarde";"2022";"Noord-Holland (PV)";"     2.1"
"Overige vervoerwijze";"Populatie: 6 jaar of ouder";"Waarde";"2023";"Noord-Holland (PV)";"     2.0"
"Overige vervoerwijze";"Populatie: 6 jaar of ouder";"Waarde";"2024*";"Noord-Holland (PV)";"     1.9"
"Overige vervoerwijze";"Populatie: 6 jaar of ouder";"Waarde";"2018";"Zuid-Holland (PV)";"     3.1"
"Overige vervoerwijze";"Populatie: 6 jaar of ouder";"Waarde";"2019";"Zuid-Holland (PV)";"     3.4"
"Overige vervoerwijze";"Populatie: 6 jaar of ouder";"Waarde";"2020";"Zuid-Holland (PV)";"     2.1"
"Overige vervoerwijze";"Populatie: 6 jaar of ouder";"Waarde";"2021";"Zuid-Holland (PV)";"     2.9"
"Overige vervoerwijze";"Populatie: 6 jaar of ouder";"Waarde";"2022";"Zuid-Holland (PV)";"     2.5"
"Overige vervoerwijze";"Populatie: 6 jaar of ouder";"Waarde";"2023";"Zuid-Holland (PV)";"     2.6"
"Overige vervoerwijze";"Populatie: 6 jaar of ouder";"Waarde";"2024*";"Zuid-Holland (PV)";"     2.3"
"Overige vervoerwijze";"Populatie: 6 jaar of ouder";"Waarde";"2018";"Zeeland (PV)";"     0.4"
"Overige vervoerwijze";"Populatie: 6 jaar of ouder";"Waarde";"2019";"Zeeland (PV)";"     0.3"
"Overige vervoerwijze";"Populatie: 6 jaar of ouder";"Waarde";"2020";"Zeeland (PV)";"       ."
"Overige vervoerwijze";"Populatie: 6 jaar of ouder";"Waarde";"2021";"Zeeland (PV)";"     0.6"
"Overige vervoerwijze";"Populatie: 6 jaar of ouder";"Waarde";"2022";"Zeeland (PV)";"     0.5"
"Overige vervoerwijze";"Populatie: 6 jaar of ouder";"Waarde";"2023";"Zeeland (PV)";"     0.3"
"Overige vervoerwijze";"Populatie: 6 jaar of ouder";"Waarde";"2024*";"Zeeland (PV)";"     0.6"
"Overige vervoerwijze";"Populatie: 6 jaar of ouder";"Waarde";"2018";"Noord-Brabant (PV)";"     3.1"
"Overige vervoerwijze";"Populatie: 6 jaar of ouder";"Waarde";"2019";"Noord-Brabant (PV)";"     2.3"
"Overige vervoerwijze";"Populatie: 6 jaar of ouder";"Waarde";"2020";"Noord-Brabant (PV)";"     1.6"
"Overige vervoerwijze";"Populatie: 6 jaar of ouder";"Waarde";"2021";"Noord-Brabant (PV)";"     2.0"
"Overige vervoerwijze";"Populatie: 6 jaar of ouder";"Waarde";"2022";"Noord-Brabant (PV)";"     2.7"
"Overige vervoerwijze";"Populatie: 6 jaar of ouder";"Waarde";"2023";"Noord-Brabant (PV)";"     1.8"
"Overige vervoerwijze";"Populatie: 6 jaar of ouder";"Waarde";"2024*";"Noord-Brabant (PV)";"     2.1"
"Overige vervoerwijze";"Populatie: 6 jaar of ouder";"Waarde";"2018";"Limburg (PV)";"     1.0"
"Overige vervoerwijze";"Populatie: 6 jaar of ouder";"Waarde";"2019";"Limburg (PV)";"     1.1"
"Overige vervoerwijze";"Populatie: 6 jaar of ouder";"Waarde";"2020";"Limburg (PV)";"     0.7"
"Overige vervoerwijze";"Populatie: 6 jaar of ouder";"Waarde";"2021";"Limburg (PV)";"     0.8"
"Overige vervoerwijze";"Populatie: 6 jaar of ouder";"Waarde";"2022";"Limburg (PV)";"     0.6"
"Overige vervoerwijze";"Populatie: 6 jaar of ouder";"Waarde";"2023";"Limburg (PV)";"     0.7"
"Overige vervoerwijze";"Populatie: 6 jaar of ouder";"Waarde";"2024*";"Limburg (PV)";"     1.0"
"Overige vervoerwijze";"Populatie: 6 jaar of ouder";"Waarde";"2018";"Zeer sterk stedelijk";"     2.7"
"Overige vervoerwijze";"Populatie: 6 jaar of ouder";"Waarde";"2019";"Zeer sterk stedelijk";"     2.9"
"Overige vervoerwijze";"Populatie: 6 jaar of ouder";"Waarde";"2020";"Zeer sterk stedelijk";"     1.8"
"Overige vervoerwijze";"Populatie: 6 jaar of ouder";"Waarde";"2021";"Zeer sterk stedelijk";"     2.3"
"Overige vervoerwijze";"Populatie: 6 jaar of ouder";"Waarde";"2022";"Zeer sterk stedelijk";"     2.2"
"Overige vervoerwijze";"Populatie: 6 jaar of ouder";"Waarde";"2023";"Zeer sterk stedelijk";"     2.3"
"Overige vervoerwijze";"Populatie: 6 jaar of ouder";"Waarde";"2024*";"Zeer sterk stedelijk";"     2.1"
"Overige vervoerwijze";"Populatie: 6 jaar of ouder";"Waarde";"2018";"Sterk stedelijk";"     4.6"
"Overige vervoerwijze";"Populatie: 6 jaar of ouder";"Waarde";"2019";"Sterk stedelijk";"     4.9"
"Overige vervoerwijze";"Populatie: 6 jaar of ouder";"Waarde";"2020";"Sterk stedelijk";"     3.5"
"Overige vervoerwijze";"Populatie: 6 jaar of ouder";"Waarde";"2021";"Sterk stedelijk";"     4.2"
"Overige vervoerwijze";"Populatie: 6 jaar of ouder";"Waarde";"2022";"Sterk stedelijk";"     4.9"
"Overige vervoerwijze";"Populatie: 6 jaar of ouder";"Waarde";"2023";"Sterk stedelijk";"     3.9"
"Overige vervoerwijze";"Populatie: 6 jaar of ouder";"Waarde";"2024*";"Sterk stedelijk";"     3.8"
"Overige vervoerwijze";"Populatie: 6 jaar of ouder";"Waarde";"2018";"Matig stedelijk";"     2.9"
"Overige vervoerwijze";"Populatie: 6 jaar of ouder";"Waarde";"2019";"Matig stedelijk";"     3.1"
"Overige vervoerwijze";"Populatie: 6 jaar of ouder";"Waarde";"2020";"Matig stedelijk";"     2.0"
"Overige vervoerwijze";"Populatie: 6 jaar of ouder";"Waarde";"2021";"Matig stedelijk";"     2.2"
"Overige vervoerwijze";"Populatie: 6 jaar of ouder";"Waarde";"2022";"Matig stedelijk";"     2.8"
"Overige vervoerwijze";"Populatie: 6 jaar of ouder";"Waarde";"2023";"Matig stedelijk";"     2.3"
"Overige vervoerwijze";"Populatie: 6 jaar of ouder";"Waarde";"2024*";"Matig stedelijk";"     3.0"
"Overige vervoerwijze";"Populatie: 6 jaar of ouder";"Waarde";"2018";"Weinig stedelijk";"     5.3"
"Overige vervoerwijze";"Populatie: 6 jaar of ouder";"Waarde";"2019";"Weinig stedelijk";"     5.0"
"Overige vervoerwijze";"Populatie: 6 jaar of ouder";"Waarde";"2020";"Weinig stedelijk";"     3.4"
"Overige vervoerwijze";"Populatie: 6 jaar of ouder";"Waarde";"2021";"Weinig stedelijk";"     4.5"
"Overige vervoerwijze";"Populatie: 6 jaar of ouder";"Waarde";"2022";"Weinig stedelijk";"     3.8"
"Overige vervoerwijze";"Populatie: 6 jaar of ouder";"Waarde";"2023";"Weinig stedelijk";"     3.3"
"Overige vervoerwijze";"Populatie: 6 jaar of ouder";"Waarde";"2024*";"Weinig stedelijk";"     3.9"
"Overige vervoerwijze";"Populatie: 6 jaar of ouder";"Waarde";"2018";"Niet stedelijk";"     2.0"
"Overige vervoerwijze";"Populatie: 6 jaar of ouder";"Waarde";"2019";"Niet stedelijk";"     2.1"
"Overige vervoerwijze";"Populatie: 6 jaar of ouder";"Waarde";"2020";"Niet stedelijk";"     1.5"
"Overige vervoerwijze";"Populatie: 6 jaar of ouder";"Waarde";"2021";"Niet stedelijk";"     1.4"
"Overige vervoerwijze";"Populatie: 6 jaar of ouder";"Waarde";"2022";"Niet stedelijk";"     1.3"
"Overige vervoerwijze";"Populatie: 6 jaar of ouder";"Waarde";"2023";"Niet stedelijk";"     1.6"
"Overige vervoerwijze";"Populatie: 6 jaar of ouder";"Waarde";"2024*";"Niet stedelijk";"     1.4"
